link,name,ingredients,recipe_category,recipe_cuisine,rating,rating_count,keywords
https://www.epicurious.com/recipes/food/views/sesame-crusted-salmon-with-orange-miso-sauce-105656,Sesame-Crusted Salmon with Orange-Miso Sauce ,"1 cup mayonnaise $ 2 tablespoons frozen orange juice concentrate, thawed $ 1 tablespoon yellow miso (fermented soybean paste)* $ 1 tablespoon oriental sesame oil $ 1 teaspoon grated peeled fresh ginger $ 1/2 teaspoon grated orange peel $ 1 1/2 pounds skinless salmon fillet, cut into 3/4-inch cubes (about 48 pieces) $ 2 tablespoons vegetable oil $ 5 tablespoons sesame seeds (white and/or black) $ Cocktail toothpicks $ ",Fruit Juice $ Ginger $ Appetizer $ Bake $ Cocktail Party $ Mayonnaise $ Salmon $ Bon Appétit $ Sugar Conscious $ Kidney Friendly $ ,Asian $ ,3.5/4,49,Fruit Juice $ Ginger $ Appetizer $ Bake $ Cocktail Party $ Mayonnaise $ Salmon $ Bon Appétit $ Sugar Conscious $ Kidney Friendly $ Asian $ 
https://www.epicurious.com/recipes/food/views/crab-fritters-with-spicy-lime-sauce-4279,Crab Fritters with Spicy Lime Sauce ,"1/2 cup fresh lime juice $ 6 tablespoons fish sauce (nam pla) $ 1/4 cup pure maple syrup $ 3 jalapeño chillies, seeded, chopped $ 2 garlic cloves, chopped $ 1/4 cup mayonnaise $ 1 tablespoon Dijon mustard $ 1/2 teaspoon grated lemon peel $ 8 ounces fresh crabmeat, drained $ 2 grapefruits $ 2 oranges $ 1 1/2 cupspanko (japanese breadcrumbs) $ 2 firm but ripe avocados, halved, pitted, peeled, sliced $ 2 tablespoons chopped fresh cilantro $ 2 tablespoons chopped fresh chives $ ",Appetizer $ Fry $ Lime $ Crab $ Avocado $ Bon Appétit $ ,Asian $ ,3/4,11,Appetizer $ Fry $ Lime $ Crab $ Avocado $ Bon Appétit $ Asian $ 
https://www.epicurious.com/recipes/food/views/pork-chops-with-ginger-soy-glaze-5735,Pork Chops with Ginger-Soy Glaze ,"1 cup canned low-salt chicken broth $ 2 tablespoons dry white wine $ 2 tablespoons soy sauce $ 1 tablespoon sugar $ 2 teaspoons minced fresh ginger $ 1 teaspoon minced garlic $ 4 3/4-inch-thick boneless pork loin chops $ 1 tablespoon vegetable oil $ 2 green onions, chopped $ ",Ginger $ Soy $ Marinate $ Sauté $ Low Carb $ Pork Chop $ White Wine $ Healthy $ Bon Appétit $ Japan $ ,Asian $ ,3/4,67,Ginger $ Soy $ Marinate $ Sauté $ Low Carb $ Pork Chop $ White Wine $ Healthy $ Bon Appétit $ Japan $ Asian $ 
https://www.epicurious.com/recipes/food/views/green-bean-salad-with-asian-style-dressing-10230,Green Bean Salad with Asian-Style Dressing ,"3 tablespoons white-wine vinegar $ 2 tablespoons rice vinegar $ 2 teaspoons soy sauce $ 1 garlic clove, minced $ a 1-inch piece fresh ginger root, peeled and minced (about 1 tablespoon) $ 2 teaspoons Asian sesame oil $ 1/3 cup canola or vegetable oil $ 1 tablespoon sesame seeds $ 2 pounds green beans, trimmed $ 2 scallions, chopped fine (about 2 tablespoons) $ ",Salad $ Bean $ Ginger $ Vegetable $ Side $ Vegetarian $ Quick & Easy $ Green Bean $ Spring $ Healthy $ Vegan $ Sesame $ Gourmet $ Pennsylvania $ Pescatarian $ Dairy Free $ Peanut Free $ Tree Nut Free $ No Sugar Added $ Kosher $ ,Asian $ ,3/4,40,Salad $ Bean $ Ginger $ Vegetable $ Side $ Vegetarian $ Quick & Easy $ Green Bean $ Spring $ Healthy $ Vegan $ Sesame $ Gourmet $ Pennsylvania $ Pescatarian $ Dairy Free $ Peanut Free $ Tree Nut Free $ No Sugar Added $ Kosher $ Asian $ 
https://www.epicurious.com/recipes/food/views/japanese-eggplant-with-haricots-verts-and-thai-red-curry-4272,Japanese Eggplant with Haricots Verts and Thai Red Curry ,"1/4 cup peanut oil $ 3 small Japanese eggplants (about 7 ounces total), unpeeled, cut into 3-inch-long, 1/2-inch-wide strips $ 5 ounces haricots verts or thin green beans, trimmed $ 4 teaspoons minced garlic $ 2 teaspoons minced peeled fresh ginger $ 2 teaspoons yellow miso (fermented soybean paste) mixed with 1/3 cup water $ 1 tablespoon low-sodium soy sauce $ 1 teaspoon Thai red curry paste $ ",Ginger $ Side $ Stir-Fry $ Vegetarian $ Eggplant $ Green Bean $ Bon Appétit $ Sugar Conscious $ Kidney Friendly $ Vegan $ Pescatarian $ Dairy Free $ Tree Nut Free $ No Sugar Added $ Kosher $ ,Asian $ Thai $ ,3.5/4,31,Ginger $ Side $ Stir-Fry $ Vegetarian $ Eggplant $ Green Bean $ Bon Appétit $ Sugar Conscious $ Kidney Friendly $ Vegan $ Pescatarian $ Dairy Free $ Tree Nut Free $ No Sugar Added $ Kosher $ Asian $ Thai $ 
https://www.epicurious.com/recipes/food/views/mushroom-fried-rice-101072,Mushroom Fried Rice ,8 garlic cloves $ 4 dried Chinese black mushrooms*(optional) $ 1/2 pound fresh shiitake mushrooms $ 1/2 pound fresh cremini or white mushrooms $ 3 bunches scallions (green parts only) $ 3 1/2 tablespoons soy sauce $ 1 tablespoon chicken broth $ 1/2 teaspoon salt $ 1/2 teaspoon freshly ground black pepper $ 5 cups chilled Chinese-style white or brown rice $ 2 tablespoons corn or safflower oil $ 3 tablespoons Chinese rice wine or sake $ 1/4 cup chopped fresh cilantro $ *available at Asian markets and some specialty foods shops $ ,Garlic $ Mushroom $ Rice $ Side $ Stir-Fry $ Spring $ Gourmet $ Sugar Conscious $ Dairy Free $ Peanut Free $ Tree Nut Free $ Kosher $ ,Asian $ ,2.5/4,3,Garlic $ Mushroom $ Rice $ Side $ Stir-Fry $ Spring $ Gourmet $ Sugar Conscious $ Dairy Free $ Peanut Free $ Tree Nut Free $ Kosher $ Asian $ 
https://www.epicurious.com/recipes/food/views/vegetable-slaw-with-miso-dressing-105347,Vegetable Slaw with Miso Dressing ,"1/4 cup golden miso* $ 1/4 cup honey $ 1/4 cup water $ 1 tablespoon fresh lemon juice $ 1 teaspoon oriental sesame oil $ 1 teaspoon soy sauce $ 1 teaspoon minced peeled fresh ginger $ 1/2 cup plus 2 tablespoons vegetable oil $ 1 cup matchstick-size strips peeled jícama $ 1 6-inch cucumber, peeled, seeded, cut into matchstick-size strips $ 1 red bell pepper, seeded, cut into matchstick-size strips $ 1 small carrot, peeled, cut into matchstick-size strips $ 1/4 cup chopped fresh cilantro $ ",Salad $ Vegetable $ Side $ No-Cook $ Cucumber $ Bell Pepper $ Carrot $ Summer $ Jícama $ Cilantro $ Bon Appétit $ Vegetarian $ Pescatarian $ Dairy Free $ Peanut Free $ Tree Nut Free $ Kosher $ ,Asian $ ,3/4,22,Salad $ Vegetable $ Side $ No-Cook $ Cucumber $ Bell Pepper $ Carrot $ Summer $ Jícama $ Cilantro $ Bon Appétit $ Vegetarian $ Pescatarian $ Dairy Free $ Peanut Free $ Tree Nut Free $ Kosher $ Asian $ 
https://www.epicurious.com/recipes/food/views/thai-shrimp-curry-109161,Thai Shrimp Curry ,"1 tablespoon peanut oil $ 1 cup thinly sliced onion $ 1 cup chopped green onions (about 8 small) $ 1 to 2 tablespoons Thai green curry paste* $ 1 14-ounce can unsweetened coconut milk* $ 1 cup low-salt chicken broth $ 3 tablespoons Thai fish sauce (nam pla)* $ 2 teaspoons sugar $ 1 cup diced plum tomatoes $ 2 pounds uncooked large shrimp, peeled, deveined $ Chopped fresh cilantro $ Lime wedges $ ",Shellfish $ Tomato $ Stir-Fry $ Low Carb $ Quick & Easy $ Lunch $ Shrimp $ Winter $ Boil $ Bon Appétit $ Sugar Conscious $ Dairy Free $ Wheat/Gluten-Free $ Tree Nut Free $ Soy Free $ ,Asian $ Thai $ ,3.5/4,214,Shellfish $ Tomato $ Stir-Fry $ Low Carb $ Quick & Easy $ Lunch $ Shrimp $ Winter $ Boil $ Bon Appétit $ Sugar Conscious $ Dairy Free $ Wheat/Gluten-Free $ Tree Nut Free $ Soy Free $ Asian $ Thai $ 
https://www.epicurious.com/recipes/food/views/central-asian-beef-and-lamb-dumplings-109193,Central Asian Beef and Lamb Dumplings ,"1 (1/4-lb) piece boneless lamb shoulder $ 1 (1/4-lb) piece boneless chuck $ 1 medium onion (6 oz), finely chopped $ 1/4 cup finely chopped fresh cilantro $ 1/2 teaspoon cumin seeds, toasted $ 1/2 teaspoon salt $ 1/4 teaspoon black pepper $ 2 cups all-purpose flour plus additional for dusting $ 1/2 teaspoon salt $ 2 large eggs $ 1/4 cup plus 1 tablespoon water $ Accompaniments: melted butter; sour cream $ a mortar and pestle or an electric coffee/spice grinder; a 3-inch round cutter $ ",Food Processor $ Beef $ Lamb $ Onion $ Appetizer $ Quick & Easy $ Spring $ Cilantro $ Boil $ Gourmet $ Sugar Conscious $ Kidney Friendly $ Dairy Free $ Peanut Free $ Tree Nut Free $ Soy Free $ No Sugar Added $ Kosher $ ,Asian $ ,3/4,1,Food Processor $ Beef $ Lamb $ Onion $ Appetizer $ Quick & Easy $ Spring $ Cilantro $ Boil $ Gourmet $ Sugar Conscious $ Kidney Friendly $ Dairy Free $ Peanut Free $ Tree Nut Free $ Soy Free $ No Sugar Added $ Kosher $ Asian $ 
https://www.epicurious.com/recipes/food/views/thai-style-beef-and-asparagus-curry-106639,Thai-Style Beef and Asparagus Curry ,"1 pound top sirloin, cut crosswise into thin strips $ 2 teaspoons Thai red curry paste $ 4 tablespoons Asian stir-fry oil or peanut oil $ 12 ounces asparagus, trimmed, cut into 1 1/2-inch lengths (3 1/2 cups) $ 1 1/2 cups canned unsweetened coconut milk $ 1/3 cup chopped fresh basil $ Lime wedges $ ",Milk/Cream $ Beef $ Vegetable $ Stir-Fry $ Quick & Easy $ Lime $ Coconut $ Basil $ Curry $ Summer $ Bon Appétit $ ,Asian $ Thai $ ,2.5/4,22,Milk/Cream $ Beef $ Vegetable $ Stir-Fry $ Quick & Easy $ Lime $ Coconut $ Basil $ Curry $ Summer $ Bon Appétit $ Asian $ Thai $ 
https://www.epicurious.com/recipes/food/views/lemongrass-tofu-with-mushrooms-107077,Lemongrass Tofu with Mushrooms ,"Vegetable oil (for frying) $ 14 ounces firm tofu, drained, cut into 3/4-inch squares $ 3 tablespoons vegetable oil $ 2 tablespoons minced fresh lemongrass $ 2 garlic cloves, minced $ 1 teaspoon (heaping) chopped seeded jalapeño chili $ 1 onion, thinly sliced $ 1/2 red bell pepper, cut into 3/4-inch pieces $ 4 ounces shiitake mushrooms, stemmed, thickly sliced $ 2 teaspoons fish sauce (nuoc mam)* $ 1 tablespoon sugar $ 1 1/2 tablespoons chopped fresh cilantro $ ",Mushroom $ Side $ Fry $ Sauté $ Tofu $ Bell Pepper $ Healthy $ Jalapeño $ Lemongrass $ Bon Appétit $ Pescatarian $ Dairy Free $ Wheat/Gluten-Free $ Peanut Free $ Tree Nut Free $ ,Asian $ Thai $ Vietnamese $ ,3/4,23,Mushroom $ Side $ Fry $ Sauté $ Tofu $ Bell Pepper $ Healthy $ Jalapeño $ Lemongrass $ Bon Appétit $ Pescatarian $ Dairy Free $ Wheat/Gluten-Free $ Peanut Free $ Tree Nut Free $ Asian $ Thai $ Vietnamese $ 
https://www.epicurious.com/recipes/food/views/salt-baked-shrimp-103105,Salt-Baked Shrimp ,"1/2 pound medium-large shrimp (about 12), feelers removed, shell slit along vein and deveined $ 1/2 teaspoon baking soda $ 3 cups water $ 1 tablespoon plus 1/2 teaspoon salt $ 2 tablespoons cornstarch $ 1 quart peanut oil $ 1 tablespoon minced fresh Thai chilies $ ",Shellfish $ Appetizer $ Bake $ Dinner $ Shrimp $ Winter $ Sugar Conscious $ Pescatarian $ Dairy Free $ Wheat/Gluten-Free $ Tree Nut Free $ Soy Free $ No Sugar Added $ ,Asian $ Chinese $ ,3/4,7,Shellfish $ Appetizer $ Bake $ Dinner $ Shrimp $ Winter $ Sugar Conscious $ Pescatarian $ Dairy Free $ Wheat/Gluten-Free $ Tree Nut Free $ Soy Free $ No Sugar Added $ Asian $ Chinese $ 
https://www.epicurious.com/recipes/food/views/xiao-jianmings-spareribs-with-chiles-107983,Xiao Jianming's Spareribs with Chiles ,"1/4 cup potato starch or cornstarch mixed with 1/2 cup water $ 1 teaspoon salt $ 2 lb pork spareribs, cut crosswise into 2-inch pieces by butcher $ 6 cups plus 2 tablespoons peanut oil $ 1 teaspoon dried hot red pepper flakes, coarsely ground in a spice grinder $ 1/2 tablespoon Chinese chile bean sauce or paste $ 3 dried Facing Heaven chiles (1-inch bell-shaped hot red chiles) or 3 (2-inch-long) dried hot red chiles $ 2 teaspoons Chinese rice wine (preferably Shaoxing) or medium-dry Sherry $ 2 teaspoons sesame seeds $ 1 teaspoon sugar $ 2 teaspoons Asian sesame oil* $ 1 teaspoon chile oil containing sesame oil (such as Chiu Chow Chili Oil from Lee Kum Kee) $ a deep-fat thermometer $ ",Beef $ Fry $ Quick & Easy $ Hot Pepper $ Gourmet $ ,Asian $ ,4/4,1,Beef $ Fry $ Quick & Easy $ Hot Pepper $ Gourmet $ Asian $ 
https://www.epicurious.com/recipes/food/views/imperial-peach-sundaes-107892,Imperial Peach Sundaes ,"1 cup chopped dried pitted peaches $ 1 cup amaretto liqueur $ 1/2 cup water $ 1/4 cup sugar $ 1 1/2 tablespoons minced fresh ginger $ 2 whole star anise* $ 2 pints vanilla ice cream $ 2 tablespoons pine nuts, toasted $ ",Dessert $ Quick & Easy $ Peach $ Pine Nut $ Amaretto $ Summer $ Anise $ Bon Appétit $ ,Asian $ ,0/4,0,Dessert $ Quick & Easy $ Peach $ Pine Nut $ Amaretto $ Summer $ Anise $ Bon Appétit $ Asian $ 
https://www.epicurious.com/recipes/food/views/asian-flavored-seared-tuna-with-green-beans-103116,Asian-Flavored Seared Tuna with Green Beans ,"1/4 cup soy sauce $ 1 teaspoon wasabi powder $ 1/4 teaspoon garlic powder $ 4 6-ounce tuna steaks (each about 3/4 inch thick) $ 1 pound green beans, trimmed $ 1 tablespoon oriental sesame oil $ 1/4 cup (packed) golden brown sugar $ ",Bean $ Fish $ Tuna $ Green Bean $ Spring $ Bon Appétit $ Florida $ ,Asian $ ,3.5/4,156,Bean $ Fish $ Tuna $ Green Bean $ Spring $ Bon Appétit $ Florida $ Asian $ 
https://www.epicurious.com/recipes/food/views/lychee-coconut-sorbet-with-mango-and-lime-109551,Lychee Coconut Sorbet with Mango and Lime ,"1 (15- to 20-oz) can lychees in syrup $ 1/2 cup well-stirred sweetened cream of coconut (preferably Coco López brand; not coconut milk or coconut cream) $ 3 to 3 1/2 tablespoons fresh lime juice $ 1 firm-ripe large mango (1 lb), peeled and sliced $ 1 teaspoon finely grated fresh lime zest $ an ice cream maker $ ",Ice Cream Machine $ Dessert $ Kid-Friendly $ Quick & Easy $ Frozen Dessert $ Lime $ Coconut $ Mango $ Summer $ Lychee $ Gourmet $ ,Asian $ ,3.5/4,16,Ice Cream Machine $ Dessert $ Kid-Friendly $ Quick & Easy $ Frozen Dessert $ Lime $ Coconut $ Mango $ Summer $ Lychee $ Gourmet $ Asian $ 
https://www.epicurious.com/recipes/food/views/soba-salad-with-carrot-and-zucchini-109532,Soba Salad with Carrot and Zucchini ,"3 to 4 tablespoons fresh lime juice $ 6 tablespoons soy sauce $ 1 1/2 tablespoons finely minced peeled fresh ginger $ 1 1/2 teaspoons sugar $ 1/4 cup vegetable oil $ 1/2 lb soba noodles, freshly cooked to tender, rinsed under cold water, and drained $ 3 carrots, cut into 1/8-inch matchsticks $ 2 medium zucchini, cut into 1/8-inch matchsticks $ 1 bunch scallions, thinly sliced crosswise $ ",Salad $ Ginger $ Vegetarian $ Quick & Easy $ Carrot $ Zucchini $ Summer $ Vegan $ Noodle $ Soy Sauce $ Gourmet $ ,Asian $ ,3/4,41,Salad $ Ginger $ Vegetarian $ Quick & Easy $ Carrot $ Zucchini $ Summer $ Vegan $ Noodle $ Soy Sauce $ Gourmet $ Asian $ 
https://www.epicurious.com/recipes/food/views/scallion-cakes-104208,Scallion Cakes ,"2 cups all-purpose flour, plus additional flour for kneading $ 3/4 teaspoon sugar $ 2 teaspoons sesame oil $ 1 1/4 plus 1/2 teaspoon salt $ 1/3 cup finely minced scallions $ 2/3 cup vegetable oil $ ",Cake $ Onion $ Appetizer $ Fry $ Sugar Conscious $ Kidney Friendly $ Vegan $ Vegetarian $ Pescatarian $ Dairy Free $ Peanut Free $ Tree Nut Free $ Soy Free $ Kosher $ ,Asian $ Chinese $ ,3.5/4,10,Cake $ Onion $ Appetizer $ Fry $ Sugar Conscious $ Kidney Friendly $ Vegan $ Vegetarian $ Pescatarian $ Dairy Free $ Peanut Free $ Tree Nut Free $ Soy Free $ Kosher $ Asian $ Chinese $ 
https://www.epicurious.com/recipes/food/views/nems-103516,Nems ,"2 tablespoons Nuoc Mam $ 6 tablespoons water $ 1 tablespoon rice wine vinegar $ 1 teaspoon sake $ 2-3 birds eye peppers, crushed $ one-quarter cup aziki (a sea vegetable — you may use any sea vegetable you like) $ 5 dried shiitake mushrooms $ 3 tablespoons mild vegetable oil $ 6 spring onions, trimmed and cut in very small dice $ 2 cloves garlic, minced, green germ removed $ 2 medium carrots, trimmed, peeled and cut in very small dice $ 2 small turnips, trimmed and peeled $ 3 cabbage leaves (preferably Napa cabbage), minced $ 1 tablespoon Nuoc Mam (fish sauce) $ eight 9-inch, dried rice wrappers $ one half cup fresh coriander leaves, lightly packed $ ",Mushroom $ Vegetable $ Appetizer $ Carrot $ Turnip $ Summer $ Pan-Fry $ Cabbage $ Pescatarian $ Dairy Free $ Wheat/Gluten-Free $ Peanut Free $ Tree Nut Free $ Soy Free $ ,Asian $ ,3/4,1,Mushroom $ Vegetable $ Appetizer $ Carrot $ Turnip $ Summer $ Pan-Fry $ Cabbage $ Pescatarian $ Dairy Free $ Wheat/Gluten-Free $ Peanut Free $ Tree Nut Free $ Soy Free $ Asian $ 
https://www.epicurious.com/recipes/food/views/pineapple-marinated-salmon-with-asian-cabbage-salad-104486,Pineapple-Marinated Salmon with Asian Cabbage Salad ,"1 46-ounce can unsweetened pineapple juice $ 1/4 cup soy sauce $ 2 2 1/4-pound center-cut skinless salmon fillets, each cut crosswise into twenty-four 1/2-inch-wide slices $ Nonstick vegetable oil spray $ 1 tablespoon black sesame seeds $ Asian Cabbage Salad $ ",Fruit Juice $ Bake $ Marinate $ Pineapple $ Salmon $ Cabbage $ Soy Sauce $ Bon Appétit $ ,Asian $ ,3.5/4,16,Fruit Juice $ Bake $ Marinate $ Pineapple $ Salmon $ Cabbage $ Soy Sauce $ Bon Appétit $ Asian $ 
https://www.epicurious.com/recipes/food/views/szechwan-carrot-soup-14078,Szechwan Carrot Soup ,"1 medium onion, chopped $ 1 celery rib, chopped $ 1 garlic clove, minced $ 1 teaspoon vegetable oil $ 1 pound carrots, cut into 1-inch pieces $ a 3/4-inch piece fresh gingerroot, peeled and sliced thin $ 1/8 teaspoon dried hot red pepper flakes $ 3 cups chicken broth $ 1 1/2 tablespoons soy sauce $ 1 1/2 tablespoons creamy peanut butter $ 1 teaspoon sugar $ 1 teaspoon Asian sesame oil $ 1 cup milk $ Garnish: 1/4 cup sour cream mixed with 2 tablespoons heavy cream $ ",Soup/Stew $ Milk/Cream $ Blender $ Ginger $ Lunch $ Peanut $ Carrot $ Fall $ Healthy $ Sesame $ Simmer $ Gourmet $ Tree Nut Free $ ,Asian $ ,3.5/4,107,Soup/Stew $ Milk/Cream $ Blender $ Ginger $ Lunch $ Peanut $ Carrot $ Fall $ Healthy $ Sesame $ Simmer $ Gourmet $ Tree Nut Free $ Asian $ 
https://www.epicurious.com/recipes/food/views/sesame-stir-fried-chicken-2728,Sesame Stir-Fried Chicken ,"1 pound boneless skinless chicken breasts, cut into 1-inch-wide strips $ 4 teaspoons soy sauce $ 1/2 cup dry Sherry $ 2 teaspoons cornstarch $ 2 tablespoons peanut oil $ 6 ounces snow peas $ 4 garlic cloves, minced $ 1 teaspoon chili paste with garlic $ 1 8-ounce can sliced bamboo shoots, drained $ 1 8-ounce can water chestnuts, drained $ 1/4 cup canned chicken broth $ 2 tablespoons sesame seeds, toasted $ 3 green onions, sliced $ 1 teaspoon oriental sesame oil $ Steamed rice $ Additional soy sauce $ ",Chicken $ Marinate $ Stir-Fry $ Kid-Friendly $ Quick & Easy $ Bon Appétit $ Connecticut $ ,Asian $ ,2.5/4,8,Chicken $ Marinate $ Stir-Fry $ Kid-Friendly $ Quick & Easy $ Bon Appétit $ Connecticut $ Asian $ 
https://www.epicurious.com/recipes/food/views/tapioca-pudding-with-coconut-cream-and-palm-sugar-syrup-103584,Tapioca Pudding with Coconut Cream and Palm-Sugar Syrup ,"6 1/4 cups water $ 1 cup (1/8-inch) pearl tapioca (not quick-cooking) $ 1 pandan leaf, thawed if frozen (optional) $ 1/2 cup grated or crumbled dark palm sugar (4 oz) or packed dark brown sugar $ 1 (14-oz) can unsweetened coconut milk (do not shake) $ ",Dessert $ Coconut $ Summer $ Chill $ Tapioca $ Simmer $ Gourmet $ Kidney Friendly $ Vegan $ Vegetarian $ Pescatarian $ Dairy Free $ Wheat/Gluten-Free $ Peanut Free $ Tree Nut Free $ Soy Free $ Kosher $ ,Asian $ ,3.5/4,14,Dessert $ Coconut $ Summer $ Chill $ Tapioca $ Simmer $ Gourmet $ Kidney Friendly $ Vegan $ Vegetarian $ Pescatarian $ Dairy Free $ Wheat/Gluten-Free $ Peanut Free $ Tree Nut Free $ Soy Free $ Kosher $ Asian $ 
https://www.epicurious.com/recipes/food/views/seared-scallops-with-asian-lime-chile-sauce-105027,Seared Scallops with Asian Lime-chile Sauce ,"1 small garlic clove, chopped $ 1 small fresh hot chile (2 1/2 inches long, preferably red), chopped, including seeds $ 2 1/4 teaspoons sugar $ 2 tablespoons seasoned rice vinegar $ 2 tablespoons Asian fish sauce $ 1 1/2 tablespoons water $ 1 tablespoon fresh lime juice $ 16 medium sea scallops (1 pound), tough muscle removed from side of each if necessary $ 1 tablespoon olive oil $ 4 (8-inch) bamboo skewers $ ",Shellfish $ Sauté $ Low Fat $ Quick & Easy $ Vinegar $ Lime $ Hot Pepper $ Healthy $ Gourmet $ ,Asian $ ,3.5/4,40,Shellfish $ Sauté $ Low Fat $ Quick & Easy $ Vinegar $ Lime $ Hot Pepper $ Healthy $ Gourmet $ Asian $ 
https://www.epicurious.com/recipes/food/views/lemongrass-sorbet-with-mango-105038,Lemongrass Sorbet with Mango ,"3/4 cup sugar $ 2 3/4 cups water $ 5 stalks fresh lemongrass, bottom 6 inches thinly sliced $ 2 small mangoes, very thinly sliced $ an ice-cream maker $ ",Ice Cream Machine $ Fruit $ Dessert $ Low Fat $ Frozen Dessert $ Mango $ Summer $ Healthy $ Lemongrass $ Gourmet $ ,Asian $ ,3/4,5,Ice Cream Machine $ Fruit $ Dessert $ Low Fat $ Frozen Dessert $ Mango $ Summer $ Healthy $ Lemongrass $ Gourmet $ Asian $ 
https://www.epicurious.com/recipes/food/views/black-sesame-rice-105033,Black Sesame Rice ,3/4 cup Forbidden Rice* $ 1 1/2 cups water $ 2 teaspoons Asian sesame oil $ *Available at specialty foods shops and by mail order from Kalustyan's (212-685-3451). $ ,Rice $ Side $ Low Fat $ Vegetarian $ Healthy $ Sesame $ Simmer $ Gourmet $ Sugar Conscious $ Low Sugar $ Kidney Friendly $ Vegan $ Pescatarian $ Dairy Free $ Wheat/Gluten-Free $ Peanut Free $ Tree Nut Free $ Soy Free $ No Sugar Added $ Kosher $ ,Asian $ ,2.5/4,7,Rice $ Side $ Low Fat $ Vegetarian $ Healthy $ Sesame $ Simmer $ Gourmet $ Sugar Conscious $ Low Sugar $ Kidney Friendly $ Vegan $ Pescatarian $ Dairy Free $ Wheat/Gluten-Free $ Peanut Free $ Tree Nut Free $ Soy Free $ No Sugar Added $ Kosher $ Asian $ 
https://www.epicurious.com/recipes/food/views/shrimp-tempura-with-lemon-and-olive-mayonnaise-103100,Shrimp Tempura with Lemon and Olive Mayonnaise ,"Corn oil (for deep-frying) $ 3/4 cup (or more) ice water $ 1 large egg $ Pinch of salt $ 3/4 cup unbleached all purpose flour $ 24 uncooked large shrimp (about 1 pound), peeled, deveined, butterflied $ Lemon and Olive Mayonnaise $ ",Shellfish $ Appetizer $ Side $ Fry $ Mayonnaise $ Shrimp $ Spring $ Bon Appétit $ Sugar Conscious $ Pescatarian $ Peanut Free $ Tree Nut Free $ Soy Free $ No Sugar Added $ ,Asian $ Japanese $ Moroccan $ ,2/4,2,Shellfish $ Appetizer $ Side $ Fry $ Mayonnaise $ Shrimp $ Spring $ Bon Appétit $ Sugar Conscious $ Pescatarian $ Peanut Free $ Tree Nut Free $ Soy Free $ No Sugar Added $ Asian $ Japanese $ Moroccan $ 
https://www.epicurious.com/recipes/food/views/hoisin-broiled-ribs-with-sesame-seeds-57,Hoisin-Broiled Ribs with Sesame Seeds ,"1/2 cup (generous) hoisin sauce $ 1/4 cup honey $ 2 tablespoons vegetable oil $ 2 tablespoons rice wine vinegar $ 3 medium garlic cloves, pressed $ 2 1/2 pounds country-style pork loin ribs, cut into individual ribs $ 2 tablespoons sesame seeds $ ",Pork $ Bake $ Broil $ Bon Appétit $ ,Asian $ ,3.5/4,33,Pork $ Bake $ Broil $ Bon Appétit $ Asian $ 
https://www.epicurious.com/recipes/food/views/asian-dipping-sauce-103727,Asian Dipping Sauce ,6 tablespoons fresh lime juice $ 3 tablespoons mirin $ 3 tablespoons water $ 1 1/2 teaspoons soy sauce $ 1 teaspoon finely grated fresh ginger $ 1 teaspoon coarse salt $ ,Sauce $ Wine $ Ginger $ Side $ No-Cook $ Summer $ Soy Sauce $ Gourmet $ Fat Free $ Sugar Conscious $ Vegan $ Vegetarian $ Pescatarian $ Dairy Free $ Peanut Free $ Tree Nut Free $ No Sugar Added $ Kosher $ ,Asian $ ,3.5/4,6,Sauce $ Wine $ Ginger $ Side $ No-Cook $ Summer $ Soy Sauce $ Gourmet $ Fat Free $ Sugar Conscious $ Vegan $ Vegetarian $ Pescatarian $ Dairy Free $ Peanut Free $ Tree Nut Free $ No Sugar Added $ Kosher $ Asian $ 
https://www.epicurious.com/recipes/food/views/grilled-korean-style-steaks-with-spicy-cilantro-sauce-105124,"Grilled, Korean-Style Steaks with Spicy Cilantro Sauce ","3/4 cup plus 3 tablespoons soy sauce $ 1/4 cup medium-dry Sherry $ 3 tablespoons sugar $ 1 1/2 tablespoons plus 1 1/2 teaspoons minced garlic $ 1 tablespoon plus 1/2 teaspoon Asian sesame oil $ 1 teaspoon dried hot red pepper flakes $ 6 (1-inch-thick) boneless beef top loin (strip) steaks, about 3/4 lb each $ 3/4 cup chopped fresh cilantro (including roots and stems) $ 1/3 cup vegetable oil $ 1 tablespoon fresh lime juice $ 1/2 teaspoon minced seeded fresh habanero or serrano chile (optional) $ 1 (4-inch-long) fresh hot red chile, chopped (optional) $ ",Beef $ Hot Pepper $ Summer $ Grill/Barbecue $ Cilantro $ Gourmet $ ,Asian $ ,3.5/4,172,Beef $ Hot Pepper $ Summer $ Grill/Barbecue $ Cilantro $ Gourmet $ Asian $ 
https://www.epicurious.com/recipes/food/views/goreng-bawang-crisp-fried-onions-15321,Goreng Bawang: Crisp-Fried Onions ,"1/2 cup (125 ml) vegetable oil $ 1 lb (500 g) Asian red onions or shallots, finely sliced $ ",Onion $ Stir-Fry $ ,Asian $ ,3/4,2,Onion $ Stir-Fry $ Asian $ 
https://www.epicurious.com/recipes/food/views/fish-dumplings-234997,Fish Dumplings ,"1 pound cod fillet, skin and bones removed $ 2 large eggs $ 2 to 3 tablespoons cornstarch $ 1 teaspoon fine sea salt $ 1 1/2 teaspoons freshly ground white pepper $ 2 cups whipped cream $ ",Milk/Cream $ Egg Nog $ Side $ Quick & Easy $ Cod $ Fall $ Spring $ Noodle $ Sugar Conscious $ Pescatarian $ Wheat/Gluten-Free $ Peanut Free $ Tree Nut Free $ Soy Free $ No Sugar Added $ Kosher $ ,Asian $ ,0/4,1,Milk/Cream $ Egg Nog $ Side $ Quick & Easy $ Cod $ Fall $ Spring $ Noodle $ Sugar Conscious $ Pescatarian $ Wheat/Gluten-Free $ Peanut Free $ Tree Nut Free $ Soy Free $ No Sugar Added $ Kosher $ Asian $ 
https://www.epicurious.com/recipes/food/views/honey-scones-with-rhubarb-compote,Honey Scones with Rhubarb Compote ,"200g (7 ounces) rhubarb, trimmed and cut into small pieces $ 50g (1/4 cup) granulated sugar $ 100ml (1/3 cup plus 5 tsp.) orange juice $ 300g (2 1/3 cups) self-rising flour, plus extra for dusting $ 75g (about 5 1/4 tbsp) cold butter, cubed $ 25g (2 tbsp.) granulated sugar $ 2 tbsp honey, plus extra for glazing $ 125ml (1/2 cup) whole milk $ Clotted cream, to serve $ 6cm (2 1/3-inch) round pastry cutter $ ",HarperCollins $ HarperCollins $ Bake $ Breakfast $ Bread $ Biscuit $ Honey $ Rhubarb $ Vegetarian $ ,English $ British $ ,0/4,0,HarperCollins $ HarperCollins $ Bake $ Breakfast $ Bread $ Biscuit $ Honey $ Rhubarb $ Vegetarian $ English $ British $ 
https://www.epicurious.com/recipes/food/views/mini-individual-strawberry-eton-mess,Mini Strawberry Eton Mess ,"1 lb. strawberries, hulled, sliced into thirds, plus whole berries for serving $ 1/3 cup sugar $ 1 1/2 cups heavy cream $ 2.5 oz. store-bought meringues $ ",Bon Appétit $ Dessert $ Strawberry $ Summer $ Spring $ Soufflé/Meringue $ Milk/Cream $ Quick & Easy $ Kid-Friendly $ Wheat/Gluten-Free $ ,British $ ,0/4,0,Bon Appétit $ Dessert $ Strawberry $ Summer $ Spring $ Soufflé/Meringue $ Milk/Cream $ Quick & Easy $ Kid-Friendly $ Wheat/Gluten-Free $ British $ 
https://www.epicurious.com/recipes/food/views/yorkshire-pudding,Yorkshire Pudding ,2 eggs $ 1 cup milk $ 1 cup sifted flour $ 1/2 teaspoon salt $ Beef drippings from roast beef (about 1/4 cup) $ ,Christmas $ Bread $ Side $ ,English $ British $ ,3.5/4,12,Christmas $ Bread $ Side $ English $ British $ 
https://www.epicurious.com/recipes/food/views/black-eyed-peas-with-chard-and-green-herb-smash,Black-Eyed Peas With Chard and Green Herb Smash ,"1 leek $ 1 tablespoon coconut oil or olive oil $ 2 cloves garlic $ A good pinch of chile powder or chopped dried chile $ 1 (14-ounce/400-g) can black-eyed peas $ 1 teaspoon vegetable stock powder or 1/2 stock cube $ A good grating of nutmeg $ 1/2 unwaxed lemon $ 7 ounces/200 g bunch Swiss or rainbow chard $ Sea salt and freshly ground pepper $ A large bunch of cilantro $ 2 green chiles $ 2 cloves garlic $ 1 ounce/30 g shelled walnuts $ 1 tablespoon runny honey or maple syrup $ 1 tablespoon good olive oil $ Juice of 1/2 a lemon $ Sea salt and freshly ground pepper $ Rice or flatbreads, to serve (optional) $ ",Pea $ Stew $ Soup/Stew $ Chard $ Cilantro $ Walnut $ Vegan $ Vegetarian $ Wheat/Gluten-Free $ Dinner $ ,British $ English $ ,4/4,29,Pea $ Stew $ Soup/Stew $ Chard $ Cilantro $ Walnut $ Vegan $ Vegetarian $ Wheat/Gluten-Free $ Dinner $ British $ English $ 
https://www.epicurious.com/recipes/food/views/pumpkin-and-chocolate-mousse-trifle,Pumpkin and Chocolate Mousse Trifle ,"5 large egg yolks $ 1/4 cup water $ 1/3 cup confectioners’ sugar, plus 2 tablespoons $ 3 cups cold whipping cream $ 8 ounces good-quality bittersweet chocolate (60 to 70 percent cacao), chopped $ 1 1/4 cups canned pumpkin $ 1 1/2 teaspoons pumpkin pie spice $ 2 tablespoons brown sugar $ 2 (10-ounce) frozen pound cakes, thawed, and cut into 3/4-inch slices $ 2 tablespoons bourbon (optional, adults only) $ Fresh raspberries, pumpkin seeds, or shaved chocolate, for garnish $ ",HarperCollins $ Dessert $ Pumpkin $ Chocolate $ Fall $ ,British $ ,0/4,0,HarperCollins $ Dessert $ Pumpkin $ Chocolate $ Fall $ British $ 
https://www.epicurious.com/recipes/food/views/crispy-roast-duck-with-blackberry-sauce-51118400,Crispy Roast Duck with Blackberry Sauce ,"1/2 cup plus 1 tablespoon unsalted butter $ 1/4 cup white sugar $ 1/3 cup dry white wine: Chenin Blanc or Sauvignon Blanc $ 1/4 cup orange juice $ 1/4 cup lemon juice $ 2 tablespoons red wine vinegar $ 1 1/2 cups frozen blackberries, thawed $ 1 3/4 cups chicken broth $ 2 tablespoons Cognac $ 1 tablespoon Vermont maple syrup $ 4 (5- to 6-ounce) duck breast halves with skin $ Kosher salt to taste $ Black pepper to taste $ Additional blackberries for presentation $ ",Berry $ Duck $ Fruit $ Poultry $ Roast $ Dinner $ Blackberry $ Advance Prep Required $ Wheat/Gluten-Free $ Peanut Free $ Tree Nut Free $ Soy Free $ ,European $ British $ ,3/4,10,Berry $ Duck $ Fruit $ Poultry $ Roast $ Dinner $ Blackberry $ Advance Prep Required $ Wheat/Gluten-Free $ Peanut Free $ Tree Nut Free $ Soy Free $ European $ British $ 
https://www.epicurious.com/recipes/food/views/mrs-patmores-london-particular-51118200,Mrs. Patmore's London Particular ,"1 smoked ham hock, soaked overnight in cold water $ 1 large onion, peeled and halved $ 2 celery sticks, chopped $ 4 peppercorns $ 1 bay leaf $ 3 sprigs fresh thyme $ 1 handful parsley $ 1 pound green split peas, soaked overnight $ 1/2 cup unsalted butter $ 1 medium yellow onion, chopped $ 1 medium carrot, chopped $ 6 cups ham stock from above ham $ Kosher salt and freshly ground black pepper to taste $ Leftover boiled ham $ ",Soup/Stew $ Vegetable $ Meat $ Ham $ Legume $ Pea $ Advance Prep Required $ ,British $ ,0/4,1,Soup/Stew $ Vegetable $ Meat $ Ham $ Legume $ Pea $ Advance Prep Required $ British $ 
https://www.epicurious.com/recipes/food/views/english-eccles-cake-51118410,English Eccles Cake ,"4 tablespoons unsalted butter $ 1 cup dried currants $ 2 tablespoons candied mixed fruit peel, chopped $ 1/2 cup white sugar, plus extra for decoration $ 1/2 cup dark brown sugar $ 1/2 teaspoon allspice $ 1/4 teaspoon nutmeg $ 1/4 teaspoon cinnamon $ 1/2 (17.5-ounce) package frozen puff pastry, thawed $ 1/4 cup whole milk $ 1 large egg, beaten $ ",Cake $ Dessert $ Bake $ Dried Fruit $ Spice $ Cinnamon $ Nutmeg $ Vegetarian $ Pescatarian $ Peanut Free $ Tree Nut Free $ Soy Free $ Kosher $ ,European $ British $ ,3.5/4,2,Cake $ Dessert $ Bake $ Dried Fruit $ Spice $ Cinnamon $ Nutmeg $ Vegetarian $ Pescatarian $ Peanut Free $ Tree Nut Free $ Soy Free $ Kosher $ European $ British $ 
https://www.epicurious.com/recipes/food/views/beef-tea-395253,Beef Tea ,"8 ounces beef chuck steak, cut into 1/2-inch cubes $ 1/4 teaspoon salt $ 3 cups water $ ",Soup/Stew $ Beef $ Meat $ Boil $ ,European $ British $ ,2/4,3,Soup/Stew $ Beef $ Meat $ Boil $ European $ British $ 
https://www.epicurious.com/recipes/food/views/scottish-rabbit-curry-395254,Scottish Rabbit Curry ,"2 tablespoons unsalted butter $ 1 (2- to 2 1/2-pound rabbit), cut into serving pieces $ 1/2 cup chopped British or Canadian bacon $ 1 tablespoon all-purpose flour $ 2 tablespoons mild curry paste $ 3 cups low-sodium chicken broth $ 1 1/2 cups pearl onions $ 2 cups button mushrooms $ 1 cup chopped celery $ 1 teaspoon salt $ Basmatic rice (optional), for serving $ ",Soup/Stew $ Braise $ Meat $ Rabbit $ Bacon $ Spice $ Curry $ ,English $ British $ ,4/4,4,Soup/Stew $ Braise $ Meat $ Rabbit $ Bacon $ Spice $ Curry $ English $ British $ 
https://www.epicurious.com/recipes/food/views/whole-wheat-scones-395232,Whole-Wheat Scones ,"4 cups whole-wheat flour, plus more if needed $ 2 tablespoons baking powder $ 1 teaspoon salt $ 8 tablespoons (1 stick) unsalted butter, cut into 1/2-inch pieces $ 1 cup packed light brown sugar $ 1 cup raisins $ 1 1/2 cups buttermilk, plus more if needed $ Jam (optional), for serving $ Hot tea (optional), for serving $ ",Bread $ Breakfast $ Brunch $ Bake $ Dried Fruit $ Raisin $ Shower $ Whole Wheat $ Vegetarian $ Pescatarian $ Peanut Free $ Tree Nut Free $ Soy Free $ Kosher $ ,English $ British $ ,3.5/4,2,Bread $ Breakfast $ Brunch $ Bake $ Dried Fruit $ Raisin $ Shower $ Whole Wheat $ Vegetarian $ Pescatarian $ Peanut Free $ Tree Nut Free $ Soy Free $ Kosher $ English $ British $ 
https://www.epicurious.com/recipes/food/views/the-english-breakfast-tortilla-369309,The English Breakfast Tortilla ,"3 medium-sized old potatoes, peeled and cut into thin slices $ Olive oil, for frying $ 3 1/2 oz streaky bacon/pancetta $ 4 free-range pork chipolata sausages, each cut into 3 pieces $ Handful of cup mushrooms, sliced $ 1/2 onion, finely diced $ 1/2 red sweet pepper, de-seeded and cut into 2-inch strips $ Pinch of sweet paprika $ 1 tbsp chopped fresh thyme (optional) $ 6 medium-sized free-range eggs, lightly beaten and seasoned $ Salt and pepper $ ",Egg $ Breakfast $ Brunch $ New Year's Day $ Tortillas $ ,British $ ,3.5/4,2,Egg $ Breakfast $ Brunch $ New Year's Day $ Tortillas $ British $ 
https://www.epicurious.com/recipes/food/views/roasted-cucumber-sandwiches-366725,Roasted Cucumber Sandwiches ,"2 1/2 pounds Japanese, Persian, or English hothouse cucumbers $ 2 tablespoons (1/4 stick) unsalted butter, melted $ 3/4 cup labneh (Lebanese yogurt cheese) or Greek-style yogurt $ 3/4 cup mayonnaise $ 3 tablespoons salt-packed capers, rinsed well, roughly chopped $ 1 garlic clove, finely chopped $ 2 tablespoons finely chopped fresh flat-leaf parsley $ 2 tablespoons finely chopped fresh mint leaves $ 1 tablespoon (or more) fresh lemon juice $ Fine sea salt and freshly ground black pepper $ 2 9x7 inch loaves focaccia, halved horizontally, or 8 ciabatta rolls $ Extra-virgin olive oil $ ",Sandwich $ Appetizer $ Cocktail Party $ Easter $ Picnic $ Yogurt $ Mother's Day $ Graduation $ Cucumber $ Spring $ Summer $ Family Reunion $ Shower $ Bon Appétit $ Vegetarian $ Pescatarian $ Peanut Free $ Soy Free $ Kosher $ ,British $ ,3.5/4,6,Sandwich $ Appetizer $ Cocktail Party $ Easter $ Picnic $ Yogurt $ Mother's Day $ Graduation $ Cucumber $ Spring $ Summer $ Family Reunion $ Shower $ Bon Appétit $ Vegetarian $ Pescatarian $ Peanut Free $ Soy Free $ Kosher $ British $ 
https://www.epicurious.com/recipes/food/views/rhubarb-fool-365209,Rhubarb Fool ,"1 1/2 pounds rhubarb stalks, chopped (5 1/2 cups) $ 1 cup sugar $ 3 tablespoons water $ 3/4 teaspoon vanilla $ 1 cup chilled heavy cream $ ",Milk/Cream $ Mixer $ Dessert $ Quick & Easy $ Spring $ Chill $ Rhubarb $ Party $ Boil $ Gourmet $ Vegetarian $ Pescatarian $ Wheat/Gluten-Free $ Peanut Free $ Tree Nut Free $ Soy Free $ Kosher $ ,British $ ,3/4,2,Milk/Cream $ Mixer $ Dessert $ Quick & Easy $ Spring $ Chill $ Rhubarb $ Party $ Boil $ Gourmet $ Vegetarian $ Pescatarian $ Wheat/Gluten-Free $ Peanut Free $ Tree Nut Free $ Soy Free $ Kosher $ British $ 
https://www.epicurious.com/recipes/food/views/english-pancakes-364751,English Pancakes ,"2 cups all-purpose flour $ 1 1/2 tablespoons extra-fine granulated sugar $ Pinch of salt $ 1 egg $ 2 egg yolks $ 2 1/2 cups milk $ 2 tablespoons vegetable oil, divided $ 1/2 stick (1/4) cup unsalted butter $ Granulated sugar, lemons, and oranges for garnish $ ",Milk/Cream $ Egg $ Breakfast $ Kid-Friendly $ Wedding $ Back to School $ Sugar Conscious $ Kidney Friendly $ Vegetarian $ Pescatarian $ Peanut Free $ Tree Nut Free $ Soy Free $ Kosher $ ,English $ British $ ,4/4,4,Milk/Cream $ Egg $ Breakfast $ Kid-Friendly $ Wedding $ Back to School $ Sugar Conscious $ Kidney Friendly $ Vegetarian $ Pescatarian $ Peanut Free $ Tree Nut Free $ Soy Free $ Kosher $ English $ British $ 
https://www.epicurious.com/recipes/food/views/eggs-drumkilbo-364789,Eggs Drumkilbo ,"2 (1 1/2 pound) lobsters, cooked and cooled $ 8 hard-boiled eggs, divded $ 6 vine-ripe tomatoes $ 2 cups mayonnaise $ 1/2 cup ketchup $ 1 teaspoon Worcestershire sauce $ 1 packet unflavored gelatin $ 1 cup sherry $ 6 medium shrimp $ 6 parsley sprigs for garnish $ Salt and freshly ground pepper $ ",Egg $ Breakfast $ Wedding $ Mayonnaise $ Lobster $ Shrimp $ Boil $ Dairy Free $ Peanut Free $ Tree Nut Free $ Soy Free $ ,British $ ,0/4,0,Egg $ Breakfast $ Wedding $ Mayonnaise $ Lobster $ Shrimp $ Boil $ Dairy Free $ Peanut Free $ Tree Nut Free $ Soy Free $ British $ 
https://www.epicurious.com/recipes/food/views/scones-363472,Scones ,"2 1/4 cups plus 2 tablespoons (10.6 ounces/300g) all-purpose white flour, plus extra for dusting $ 2 teaspoons (0.28 ounce/8g) baking powder $ A good pinch of salt $ 1/3 cup (2.6 ounces/75g) unsalted butter, at cool room temperature (neither fridge-cold nor soft), cut into cubes $ 3 1/2 tablespoons (1.8 ounces/50g) superfine sugar $ 1 medium free-range egg $ 1 teaspoon pure vanilla extract $ 1/2 cup heavy cream $ A little milk, for brushing $ ",Bread $ Food Processor $ Breakfast $ Brunch $ Bake $ Kidney Friendly $ Vegetarian $ Pescatarian $ Peanut Free $ Tree Nut Free $ Soy Free $ Kosher $ ,English $ European $ British $ ,3/4,5,Bread $ Food Processor $ Breakfast $ Brunch $ Bake $ Kidney Friendly $ Vegetarian $ Pescatarian $ Peanut Free $ Tree Nut Free $ Soy Free $ Kosher $ English $ European $ British $ 
https://www.epicurious.com/recipes/food/views/currant-scones-362129,Currant Scones ,"3/4 cup whole milk $ 2 large eggs, chilled $ 3 cups unbleached all-purpose flour, plus more as needed $ 1 tablespoon plus 1 teaspoon baking powder $ 2 tablespoons superfine sugar $ 1/4 teaspoon fine sea salt $ A few gratings of fresh nutmeg $ 10 tablespoons (1 1/4 sticks) unsalted butter, chilled and cut into 1/2-inch cubes $ 1/2 cup dried currants $ 1 large egg, well beaten with a hand blender, for glazing $ ",Mixer $ Breakfast $ Brunch $ Bake $ Christmas $ Mother's Day $ New Year's Day $ Currant $ Kidney Friendly $ Vegetarian $ Pescatarian $ Peanut Free $ Tree Nut Free $ Soy Free $ Kosher $ ,British $ ,3.5/4,4,Mixer $ Breakfast $ Brunch $ Bake $ Christmas $ Mother's Day $ New Year's Day $ Currant $ Kidney Friendly $ Vegetarian $ Pescatarian $ Peanut Free $ Tree Nut Free $ Soy Free $ Kosher $ British $ 
https://www.epicurious.com/recipes/food/views/cinnamon-plum-fool-360531,Cinnamon-Plum Fool ,"1 3/4 pounds red or black plums (about 6 large), pitted, cut into 1/2-inch cubes, divided $ 10 tablespoons sugar, divided $ 1/4 teaspoon (scant) ground cinnamon $ 1 cup chilled heavy whipping cream $ 1 teaspoon vanilla extract $ ",Milk/Cream $ Food Processor $ Dessert $ Quick & Easy $ Plum $ Summer $ Cinnamon $ Bon Appétit $ Kidney Friendly $ Vegetarian $ Pescatarian $ Wheat/Gluten-Free $ Peanut Free $ Tree Nut Free $ Soy Free $ Kosher $ ,British $ ,4/4,0,Milk/Cream $ Food Processor $ Dessert $ Quick & Easy $ Plum $ Summer $ Cinnamon $ Bon Appétit $ Kidney Friendly $ Vegetarian $ Pescatarian $ Wheat/Gluten-Free $ Peanut Free $ Tree Nut Free $ Soy Free $ Kosher $ British $ 
https://www.epicurious.com/recipes/food/views/rhubarb-and-ginger-brioche-bread-pudding-358597,Rhubarb and Ginger Brioche Bread Pudding ,"1 cup seedless raspberry preserves $ 1/2 cup water $ 1/3 cup chopped crystallized ginger $ 1 tablespoon finely grated orange peel $ 2 1/2 pounds rhubarb (preferably bright red), ends trimmed, stalks cut into 1/2-inch-wide pieces (8 to 9 cups) $ 3/4 cup sugar $ 3 large eggs $ 1 cup whole milk $ 1 cup heavy whipping cream $ 1 vanilla bean, split lengthwise $ Butter (for dish) $ 8 (or more) 1/2-inch-thick slices brioche or egg bread (each about 5 x 4 inches), cut lengthwise in half $ Lightly sweetened whipped cream $ ",Milk/Cream $ Dairy $ Fruit $ Dessert $ Bake $ Vegetarian $ Mother's Day $ Spring $ Rhubarb $ Advance Prep Required $ Bon Appétit $ Pescatarian $ Wheat/Gluten-Free $ Peanut Free $ Tree Nut Free $ Soy Free $ Kosher $ ,European $ British $ ,3.5/4,13,Milk/Cream $ Dairy $ Fruit $ Dessert $ Bake $ Vegetarian $ Mother's Day $ Spring $ Rhubarb $ Advance Prep Required $ Bon Appétit $ Pescatarian $ Wheat/Gluten-Free $ Peanut Free $ Tree Nut Free $ Soy Free $ Kosher $ European $ British $ 
https://www.epicurious.com/recipes/food/views/bakewell-tart-with-raspberry-preserves-358564,Bakewell Tart with Raspberry Preserves ,"1 1/4 cups all purpose flour $ 1/2 teaspoon sugar $ 1/4 teaspoon salt $ 6 tablespoons (3/4 stick) chilled unsalted butter, cut into 1/2-inch cubes $ 3 tablespoons (or more) ice water $ 3/4 cup raspberry preserves $ 1/2 vanilla bean, split lengthwise $ 1/2 cup sugar $ 1/2 cup (1 stick) unsalted butter, melted, cooled $ 4 large egg yolks $ 3 large egg whites $ 1/4 teaspoon almond extract $ Pinch of salt $ 1 cup roasted salted Marcona almonds* $ Lightly sweetened whipped cream $ ",Berry $ Fruit $ Nut $ Dessert $ Bake $ Vegetarian $ Raspberry $ Tree Nut $ Almond $ Summer $ Party $ Bon Appétit $ Kidney Friendly $ Pescatarian $ Peanut Free $ Soy Free $ Kosher $ ,British $ ,3.5/4,10,Berry $ Fruit $ Nut $ Dessert $ Bake $ Vegetarian $ Raspberry $ Tree Nut $ Almond $ Summer $ Party $ Bon Appétit $ Kidney Friendly $ Pescatarian $ Peanut Free $ Soy Free $ Kosher $ British $ 
https://www.epicurious.com/recipes/food/views/apple-treacle-tart-358596,Apple Treacle Tart ,"1 1/4 cups all purpose flour $ 1/2 teaspoon sugar $ 1/4 teaspoon salt $ 6 tablespoons (3/4 stick) chilled unsalted butter, cut into 1/2-inch cubes $ 3 tablespoons (or more) ice water, divided $ 3/4 cup plus 2 tablespoons fresh breadcrumbs made from crustless whole wheat bread $ 1 1/4 cups golden syrup* $ 2 large eggs $ 2 tablespoons heavy whipping cream $ 1 tablespoon finely grated lemon peel $ 1 tablespoon light (mild-flavored) molasses $ Large pinch of salt $ 1 1/2 cups coarsely grated peeled tart apples (such as Granny Smith) $ 1 8-ounce container crème fraîhe** $ 2 tablespoons sugar $ 1 tablespoon Calvados (apple brandy) $ ",Milk/Cream $ Dairy $ Fruit $ Dessert $ Vegetarian $ Condiment $ Apple $ Spirit $ Brandy $ Fall $ Molasses $ Calvados $ Breadcrumbs $ Bon Appétit $ Kidney Friendly $ Pescatarian $ Peanut Free $ Tree Nut Free $ Soy Free $ Kosher $ ,British $ ,3.5/4,2,Milk/Cream $ Dairy $ Fruit $ Dessert $ Vegetarian $ Condiment $ Apple $ Spirit $ Brandy $ Fall $ Molasses $ Calvados $ Breadcrumbs $ Bon Appétit $ Kidney Friendly $ Pescatarian $ Peanut Free $ Tree Nut Free $ Soy Free $ Kosher $ British $ 
https://www.epicurious.com/recipes/food/views/vanilla-creams-with-strawberries-in-cassis-358565,Vanilla Creams with Strawberries in Cassis ,"1 1/2 cups plain whole-milk yogurt $ 1 3/4 cups fromage blanc* $ 1 vanilla bean, split lengthwise $ 5 tablespoons superfine sugar, divided $ 1 1/2 teaspoons finely grated lemon peel $ 1 large egg white $ 1 1/2 pounds strawberries, hulled, halved (about 5 cups) $ 2 tablespoons crème de cassis (black-currant liqueur) $ Brown sugar $ ",Liqueur $ Berry $ Cheese $ Dairy $ Fruit $ Dessert $ High Fiber $ Mother's Day $ Cream Cheese $ Strawberry $ Vanilla $ Spirit $ Spring $ Engagement Party $ Party $ Bon Appétit $ Vegetarian $ Pescatarian $ Wheat/Gluten-Free $ Peanut Free $ Soy Free $ Kosher $ ,British $ ,4/4,1,Liqueur $ Berry $ Cheese $ Dairy $ Fruit $ Dessert $ High Fiber $ Mother's Day $ Cream Cheese $ Strawberry $ Vanilla $ Spirit $ Spring $ Engagement Party $ Party $ Bon Appétit $ Vegetarian $ Pescatarian $ Wheat/Gluten-Free $ Peanut Free $ Soy Free $ Kosher $ British $ 
https://www.epicurious.com/recipes/food/views/the-pimms-cup-358201,The Pimm's Cup ,"1 3-inch piece English cucumber, cut into 1/2-inch slices, plus 2 spears (for garnish) $ 3/4 cup Pimm's No. 1* $ 3 tablespoons fresh Meyer lemon juice or regular lemon juice $ 1/2 teaspoon sugar $ Ice cubes $ 2 sprigs each fresh rosemary, thyme, and mint $ 2 lemon slices $ 2 fresh strawberries, halved $ Ginger beer, chilled $ 2 rhubarb stalks (for garnish) $ ",Alcoholic $ Low Fat $ Backyard BBQ $ Cocktail $ Lemon $ Rosemary $ Cucumber $ Low Cholesterol $ Party $ Bon Appétit $ Drink $ San Francisco $ California $ ,British $ ,3.5/4,2,Alcoholic $ Low Fat $ Backyard BBQ $ Cocktail $ Lemon $ Rosemary $ Cucumber $ Low Cholesterol $ Party $ Bon Appétit $ Drink $ San Francisco $ California $ British $ 
https://www.epicurious.com/recipes/food/views/pimms-cup-351594,Pimm's Cup ,About 1 cup ice cubes $ 1/4 cup (2 ounces) Pimm's No. 1 $ 6 tablespoons (3 ounces) ginger beer or ginger ale $ 1 cucumber slice $ 1 sprig fresh mint (5 to 6 leaves) $ ,Beer $ Alcoholic $ Cocktail Party $ Wedding $ Cocktail $ Mint $ Cucumber $ Summer $ Poker/Game Night $ Engagement Party $ Party $ Drink $ New York $ ,British $ ,3/4,2,Beer $ Alcoholic $ Cocktail Party $ Wedding $ Cocktail $ Mint $ Cucumber $ Summer $ Poker/Game Night $ Engagement Party $ Party $ Drink $ New York $ British $ 
https://www.epicurious.com/recipes/food/views/beef-pasties-with-caramelized-onions-and-stilton-cheese-351530,Beef Pasties with Caramelized Onions and Stilton Cheese ,"2 cups unbleached all purpose flour $ 1 cup white whole wheat flour or whole wheat flour $ 1 1/8 teaspoons salt $ 1/2 cup solid vegetable shortening (preferably nonhydrogenated), frozen $ 1/2 cup (1 stick) chilled unsalted butter, cut into 1/2-inch cubes $ 7 tablespoons (or more) ice water $ 4 teaspoons olive oil $ 2 large onions, thinly sliced $ 1/2 cup dry white wine $ 1/2 teaspoon dried thyme $ 10 ounces skirt steak, cut crosswise on diagonal into 1/4-inch-wide strips $ 1 teaspoon coarse kosher salt, divided $ 6 ounces coarsely crumbled Stilton blue cheese (11/3 to 11/2 cups), divided $ 1 large egg white, beaten to blend $ ",Food Processor $ Onion $ Bake $ Sauté $ Super Bowl $ High Fiber $ Father's Day $ Lunch $ Blue Cheese $ Steak $ Poker/Game Night $ Bon Appétit $ Peanut Free $ Tree Nut Free $ Soy Free $ ,British $ ,3/4,37,Food Processor $ Onion $ Bake $ Sauté $ Super Bowl $ High Fiber $ Father's Day $ Lunch $ Blue Cheese $ Steak $ Poker/Game Night $ Bon Appétit $ Peanut Free $ Tree Nut Free $ Soy Free $ British $ 
https://www.epicurious.com/recipes/food/views/spotted-dick-350956,Spotted Dick ,"9 tablespoons (1 stick plus 1 tablespoon) unsalted butter $ 1 1/4 cups plus 2 tablespoons sugar $ 4 large eggs $ 1 teaspoon vanilla extract $ 2 3/4 cups self-rising flour $ 2 cups plus 11 tablespoons whole milk $ 1 cup golden raisins $ 1/4 cup custard powder, such as Bird's brand* $ *Available online and from suppliers of British products. $ large ceramic heatproof bowl or 8 (8-ounce) ramekins, parchment paper $ ",Milk/Cream $ Egg $ Dessert $ Raisin $ Ramekin $ Vegetarian $ Pescatarian $ Peanut Free $ Tree Nut Free $ Soy Free $ Kosher $ ,British $ ,3/4,7,Milk/Cream $ Egg $ Dessert $ Raisin $ Ramekin $ Vegetarian $ Pescatarian $ Peanut Free $ Tree Nut Free $ Soy Free $ Kosher $ British $ 
https://www.epicurious.com/recipes/food/views/-no-nightmare-beef-wellington-243010,"""No Nightmare"" Beef Wellington ","1 cup balsamic vinegar $ 1 cup dry red wine $ 1/2 cup sugar $ 1 1/2 pounds sliced button mushrooms $ 3 tablespoons butter, divided $ 1/4 cup duck or goose liver pâté $ 1 tablespoon chopped fresh thyme plus 6 sprigs for garnish $ 6 frozen puff pastry shells (one 10-ounce package) $ 1 tablespoon canola oil $ 6 4-ounce filet mignon steaks $ Coarse kosher salt $ 2 5-ounce bags fresh baby spinach $ Balsamic Roasted Vegetables $ Creamed Onions with Bacon and Herbs $ ",Beef $ Mushroom $ Bake $ Christmas $ High Fiber $ Oscars $ Father's Day $ Dinner $ Fall $ Spring $ Summer $ Winter $ Anniversary $ Birthday $ Christmas Eve $ Party $ Potluck $ Bon Appétit $ ,British $ ,3.5/4,15,Beef $ Mushroom $ Bake $ Christmas $ High Fiber $ Oscars $ Father's Day $ Dinner $ Fall $ Spring $ Summer $ Winter $ Anniversary $ Birthday $ Christmas Eve $ Party $ Potluck $ Bon Appétit $ British $ 
https://www.epicurious.com/recipes/food/views/shepherds-pie-240224,Shepherd's Pie ,"1 tablespoon vegetable oil $ 1 large onion, peeled and chopped $ 1 large carrot, peeled and chopped $ 1 pound ground lamb (or substitute half with another ground meat) $ 1 cup beef or chicken broth $ 1 tablespoon tomato paste $ 1 teaspoon chopped fresh or dry rosemary $ 1 tablespoon chopped Italian parsley $ 1 cup frozen peas $ 2 pounds russet potatoes, peeled and cut into chunks $ 6 tablespoons unsalted butter $ 1/2 cup milk (any fat content) $ Kosher salt to taste $ ",Lamb $ Onion $ Potato $ Vegetable $ Bake $ Kid-Friendly $ Dinner $ Lunch $ Meat $ Ground Lamb $ Pea $ Root Vegetable $ Carrot $ Fall $ Winter $ Cookie $ Wheat/Gluten-Free $ Peanut Free $ Tree Nut Free $ Soy Free $ No Sugar Added $ ,European $ British $ ,3.5/4,236,Lamb $ Onion $ Potato $ Vegetable $ Bake $ Kid-Friendly $ Dinner $ Lunch $ Meat $ Ground Lamb $ Pea $ Root Vegetable $ Carrot $ Fall $ Winter $ Cookie $ Wheat/Gluten-Free $ Peanut Free $ Tree Nut Free $ Soy Free $ No Sugar Added $ European $ British $ 
https://www.epicurious.com/recipes/food/views/fruit-and-spice-bonbons-240065,Fruit and Spice Bonbons ,"Each version makes 20 bonbons. To chop the fruit, use a heavy chef's knife or a food processor set on pulse. $ 2 cups finely chopped dried apricots $ 1/4 teaspoon allspice $ 1/8 teaspoon ginger $ 3/4 teaspoon cinnamon $ 2 cups finely chopped dried red plums or prunes $ 1 tablespoon honey $ 1/2 teaspoon cinnamon $ 1/4 teaspoon ground cloves $ 2 cups finely chopped dried figs, stems removed first $ 1 tablespoon honey $ 1 tablespoon unsweetened cocoa $ 1/2 teaspoon cinnamon $ 1/4 cup crystal sugar, maple sugar, or unsweetened cocoa; or 1/4 cup ground chopped pecans, walnuts, or almonds $ ",Candy $ Chocolate $ Nut $ Dessert $ No-Cook $ Kid-Friendly $ Quick & Easy $ Dried Fruit $ Cookie $ Vegetarian $ Pescatarian $ Dairy Free $ Wheat/Gluten-Free $ Peanut Free $ Soy Free $ Kosher $ ,British $ ,3/4,3,Candy $ Chocolate $ Nut $ Dessert $ No-Cook $ Kid-Friendly $ Quick & Easy $ Dried Fruit $ Cookie $ Vegetarian $ Pescatarian $ Dairy Free $ Wheat/Gluten-Free $ Peanut Free $ Soy Free $ Kosher $ British $ 
https://www.epicurious.com/recipes/food/views/fish-and-chips-240028,Fish-and-Chips ,"6 large russet potatoes $ Vegetable oil, for deep-frying $ 6 cups all-purpose flour $ 3 tablespoons baking powder $ 1 tablespoon kosher salt, plus more for seasoning $ 1 tablespoon freshly ground black pepper, plus more for seasoning $ 3 large eggs, lightly beaten $ 3 (12-ounce) cans soda water $ 1 to 2 cups rice flour $ 6 cod fillets, sliced diagonally into 1/2-inch-wide strips $ ",Egg $ Potato $ Vegetable $ Kid-Friendly $ Cod $ Deep-Fry $ Cookie $ ,British $ ,3/4,5,Egg $ Potato $ Vegetable $ Kid-Friendly $ Cod $ Deep-Fry $ Cookie $ British $ 
https://www.epicurious.com/recipes/food/views/yorkshire-pudding-with-bacon-and-sage-236596,Yorkshire Pudding with Bacon and Sage ,"6 ounces bacon slices (about 7 slices), cut into 1-inch pieces $ 2 tablespoons (about) butter, melted $ 1 1/2 cups all purpose flour $ 3 tablespoons chopped fresh sage, divided $ 1 teaspoon coarse kosher salt $ 1 1/2 cups whole milk $ 3 large eggs $ ",Dairy $ Egg $ Herb $ Pork $ Side $ Bake $ Sauté $ Christmas $ Thanksgiving $ Bacon $ Fall $ Winter $ Bon Appétit $ Sugar Conscious $ Kidney Friendly $ Peanut Free $ Tree Nut Free $ Soy Free $ No Sugar Added $ ,British $ ,3.5/4,17,Dairy $ Egg $ Herb $ Pork $ Side $ Bake $ Sauté $ Christmas $ Thanksgiving $ Bacon $ Fall $ Winter $ Bon Appétit $ Sugar Conscious $ Kidney Friendly $ Peanut Free $ Tree Nut Free $ Soy Free $ No Sugar Added $ British $ 
https://www.epicurious.com/recipes/food/views/queens-peg-200240,Queen's Peg ,1 ice cube $ 3/4 ounce dry gin $ 6 ounces chilled champagne $ ,Champagne $ Gin $ Alcoholic $ Cocktail Party $ Cocktail $ Fall $ Chill $ House & Garden $ Drink $ ,British $ ,0/4,0,Champagne $ Gin $ Alcoholic $ Cocktail Party $ Cocktail $ Fall $ Chill $ House & Garden $ Drink $ British $ 
https://www.epicurious.com/recipes/food/views/ecclefechan-tart-109500,Ecclefechan Tart ,"1 cup all purpose flour $ 3/4 cup powdered sugar $ Pinch of salt $ 6 tablespoons (3/4 stick) chilled unsalted butter, cut into 1/2-inch cubes $ 4 teaspoons chilled whipping cream $ 1/2 cup (1 stick) unsalted butter, melted $ 1/2 cup (packed) dark brown sugar $ 2 large eggs $ 1 tablespoon fresh lemon juice $ 1 teaspoon (packed) grated lemon peel $ 1/2 teaspoon ground cinnamon $ 2 cups dark raisins $ 1 cup walnuts, coarsely chopped $ 1 3/4 cups chilled whipping cream $ Toasted walnuts $ ",Milk/Cream $ Dessert $ Bake $ Lemon $ Raisin $ Walnut $ Bon Appétit $ ,British $ ,3.5/4,6,Milk/Cream $ Dessert $ Bake $ Lemon $ Raisin $ Walnut $ Bon Appétit $ British $ 
https://www.epicurious.com/recipes/food/views/walnut-gateau-breton-105453,Walnut Gâteau Breton ,"1/2 cup/60g walnuts, lightly toasted $ 1 1/4 cups/250g sugar $ 7 large egg yolks $ 16 tablespoons/250g salted butter, melted $ 2 cups/265g unbleached, all-purpose flour $ ",Cake $ Nut $ Dessert $ Bake $ Walnut $ Spring $ ,British $ ,4/4,3,Cake $ Nut $ Dessert $ Bake $ Walnut $ Spring $ British $ 
https://www.epicurious.com/recipes/food/views/spiced-onion-marmalade-103147,Spiced Onion Marmalade ,"1/4 cup olive oil $ 1 pound Maui onions, diced $ 3 garlic cloves, chopped $ 1/4 cup balsamic vinegar $ 1/4 cup (packed) golden brown sugar $ 2 tablespoons tomato paste $ 1/2 teaspoon ground ginger $ 1/4 teaspoon ground cloves $ 1/4 teaspoon ground nutmeg $ ",Condiment/Spread $ Ginger $ Onion $ Tomato $ Side $ Sauté $ Vinegar $ Spring $ Nutmeg $ Bon Appétit $ Vegan $ Vegetarian $ Pescatarian $ Dairy Free $ Wheat/Gluten-Free $ Peanut Free $ Tree Nut Free $ Soy Free $ Kosher $ ,British $ ,3.5/4,20,Condiment/Spread $ Ginger $ Onion $ Tomato $ Side $ Sauté $ Vinegar $ Spring $ Nutmeg $ Bon Appétit $ Vegan $ Vegetarian $ Pescatarian $ Dairy Free $ Wheat/Gluten-Free $ Peanut Free $ Tree Nut Free $ Soy Free $ Kosher $ British $ 
https://www.epicurious.com/recipes/food/views/mushroom-and-orzo-pilaf-105947,Mushroom and Orzo Pilaf ,"6 tablespoons (3/4 stick) butter $ 2 large shallots, chopped $ 4 teaspoons chopped fresh thyme $ 2 large garlic cloves, chopped $ 3/4 pound mushrooms, sliced $ 12 ounces orzo (rice-shaped pasta; about 1 2/3 cups) $ 3 1/2 cups canned low-salt chicken broth $ 1/8 teaspoon ground nutmeg $ ",Mushroom $ Pasta $ Side $ Sauté $ Fall $ Winter $ Bon Appétit $ Peanut Free $ Tree Nut Free $ Soy Free $ No Sugar Added $ ,British $ ,3/4,1,Mushroom $ Pasta $ Side $ Sauté $ Fall $ Winter $ Bon Appétit $ Peanut Free $ Tree Nut Free $ Soy Free $ No Sugar Added $ British $ 
https://www.epicurious.com/recipes/food/views/welsh-tea-cakes-1326,Welsh Tea Cakes ,"2 1/2 cups all purpose flour $ 2/3 cup sugar $ 3/4 teaspoon ground mace $ 1/2 teaspoon baking powder $ 1/4 teaspoon salt $ 6 tablespoons (3/4 stick) chilled unsalted butter, cut into pieces $ 6 tablespoons chilled vegetable shortening $ 1/3 cup dried currants $ 5 tablespoons (about) milk $ 1 egg $ ",Bread $ Brunch $ Bake $ Easter $ Spring $ Bon Appétit $ Pacific Palisades $ California $ Kidney Friendly $ Vegetarian $ Pescatarian $ Peanut Free $ Tree Nut Free $ Soy Free $ Kosher $ ,British $ ,3/4,8,Bread $ Brunch $ Bake $ Easter $ Spring $ Bon Appétit $ Pacific Palisades $ California $ Kidney Friendly $ Vegetarian $ Pescatarian $ Peanut Free $ Tree Nut Free $ Soy Free $ Kosher $ British $ 
https://www.epicurious.com/recipes/food/views/beer-battered-catfish-on-vinegar-slaw-105980,Beer-Battered Catfish on Vinegar Slaw ,1/3 cup plus 2 tablespoons all purpose flour $ 1/2 teaspoon salt $ 1/4 teaspoon ground black pepper $ 1/3 cup flat beer $ Vegetable oil (for frying) $ 2 4- to 6-ounce catfish fillets $ 2 cups purchased coleslaw mix $ 2 tablespoons white wine vinegar $ 1 1/2 tablespoons honey $ 1 tablespoon vegetable oil $ ,Fish $ Fry $ Quick & Easy $ Vinegar $ Cabbage $ Bon Appétit $ ,British $ ,3/4,12,Fish $ Fry $ Quick & Easy $ Vinegar $ Cabbage $ Bon Appétit $ British $ 
https://www.epicurious.com/recipes/food/views/oatmeal-currant-scones-107915,Oatmeal-Currant Scones ,"1 1/2 cups all purpose flour $ 1 cup old-fashioned oats $ 6 tablespoons sugar $ 2 1/2 teaspoons baking powder $ 1/2 teaspoon baking soda $ 1/4 teaspoon salt $ 12 tablespoons (1 1/2 sticks) chilled unsalted butter, cut into pieces $ 1 large egg, beaten to blend $ 1/2 cup buttermilk $ 1/3 cup dried currants $ 1 large egg yolk, beaten to blend $ Additional sugar $ ",Bread $ Breakfast $ Brunch $ Bake $ Quick & Easy $ Currant $ Dried Fruit $ Oat $ Bon Appétit $ Kidney Friendly $ Vegetarian $ Pescatarian $ Peanut Free $ Tree Nut Free $ Soy Free $ Kosher $ ,British $ ,3.5/4,12,Bread $ Breakfast $ Brunch $ Bake $ Quick & Easy $ Currant $ Dried Fruit $ Oat $ Bon Appétit $ Kidney Friendly $ Vegetarian $ Pescatarian $ Peanut Free $ Tree Nut Free $ Soy Free $ Kosher $ British $ 
https://www.epicurious.com/recipes/food/views/classic-fish-and-chips-5300,Classic Fish and Chips ,"Vegetable oil (for deep-frying) $ 1/2 cup all purpose flour $ 1/2 cup water $ 3/4 pound orange roughy or cod fillets (about 3/4 inch thick), cut crosswise into 1 1/2-inch-wide strips $ 1 1-pound russet potato, peeled, cut lengthwise into 1/2-inch-thick slices, then cut lengthwise into 1/2-inch-wide strips $ Malt vinegar or apple cider vinegar $ ",Fish $ Potato $ Fry $ Kid-Friendly $ Quick & Easy $ Cod $ Bon Appétit $ ,British $ ,2.5/4,25,Fish $ Potato $ Fry $ Kid-Friendly $ Quick & Easy $ Cod $ Bon Appétit $ British $ 
https://www.epicurious.com/recipes/food/views/red-leaf-lettuce-watercress-and-cucumber-salad-with-buttermilk-dressing-107606,"Red Leaf Lettuce, Watercress, and Cucumber Salad with Buttermilk Dressing ","1/2 cup well-shaken low-fat buttermilk $ 2 tablespoons low-fat sour cream $ 1 tablespoon mayonnaise $ 3/4 teaspoon finely chopped fresh tarragon or 1/4 teaspoon dried tarragon, crumbled $ 1/2 teaspoon minced garlic, mashed to a paste with 1/4 teaspoon salt $ 1/4 teaspoon dry mustard, or to taste $ 1/2 cup finely chopped red onion $ 1 small head red leaf lettuce (1/2 pound), torn into pieces $ 1 bunch watercress, coarse stems discarded $ 1 cup thinly sliced seedless cucumber (usually plastic-wrapped) $ ",Salad $ Dairy $ Garlic $ Mustard $ Cucumber $ Spring $ Sour Cream $ Watercress $ Gourmet $ ,British $ ,3.5/4,16,Salad $ Dairy $ Garlic $ Mustard $ Cucumber $ Spring $ Sour Cream $ Watercress $ Gourmet $ British $ 
https://www.epicurious.com/recipes/food/views/baja-fish-tacos,Baja Fish Tacos ,"1 large red onion, halved lengthways, thinly sliced $ 2 small green jalapeños $ 2/3 cup rice vinegar $ 1 tablespoon lime juice $ 1 heaped teaspoon sea salt $ 1/2 cup mayonnaise $ 1/2 cup sour cream $ 2 teaspoons lime juice, plus extra to taste $ 1 teaspoon finely grated lime zest $ Pinch of sea salt $ 2 tablespoons mayonnaise $ 3/4 teaspoon lime juice $ 2 drops jalapeño Tabasco sauce $ 1/2 small head green cabbage, thinly sliced $ Sea salt and ground black pepper $ 1/4 cup olive oil $ 1/2 teaspoon chili powder, or to taste $ 1 1/2 teaspoons dried oregano $ 1/2 teaspoon ground cumin $ 1/4 cup cilantro leaves, chopped $ 1 green jalapeño, chopped $ 1 lb flaky white fish filets $ Sea salt and ground black pepper $ Corn tortillas, for serving $ ",HarperCollins $ Taco $ Fish $ Cabbage $ Dinner $ Wheat/Gluten-Free $ ,Californian $ Mexican $ ,4/4,8,HarperCollins $ Taco $ Fish $ Cabbage $ Dinner $ Wheat/Gluten-Free $ Californian $ Mexican $ 
https://www.epicurious.com/recipes/food/views/california-veggie-sandwich,California Veggie Sandwich ,"2 cups apple cider vinegar $ 1/2 cup (packed) light brown sugar $ 1/4 cup kosher salt $ 4 cups any combination shredded carrots, sliced cucumbers, sliced red onions, and/or sliced mild fresh chiles $ 1/4 cup buttermilk $ 1/4 cup plain whole-milk Greek yogurt $ 1 tablespoon fresh lemon juice $ 6 tablespoons olive oil, divided $ Kosher salt, freshly ground pepper $ 2 ripe avocados, halved $ 6 ounces fresh goat cheese $ 6 cups mixed lettuce leaves, ribs removed if thick $ 8 slices multigrain bread, toasted $ 1/2 English hothouse cucumber, thinly sliced on a diagonal $ 2 cups sprouts $ 2 heatproof 1-qt. glass jars $ ",Bon Appétit $ Sandwich $ Lunch $ Avocado $ Pickles $ Buttermilk $ Goat Cheese $ Vegetarian $ Cucumber $ ,Californian $ ,3.5/4,3,Bon Appétit $ Sandwich $ Lunch $ Avocado $ Pickles $ Buttermilk $ Goat Cheese $ Vegetarian $ Cucumber $ Californian $ 
https://www.epicurious.com/recipes/food/views/mahi-mahi-fish-tacos-with-chipotle-slaw-and-roasted-pineapple-sauce-51180230,Mahi Mahi Fish Tacos with Chipotle Slaw and Roasted Pineapple Sauce ,"2 cups chopped peeled and cored fresh pineapple $ 1/2 yellow bell pepper, halved lengthwise again and seeded $ 1 fresh red jalapeño, halved lengthwise and seeded $ Juice of 1 lime juice $ Salt and freshly ground black pepper to taste $ 1/2 head white cabbage, thinly sliced $ 1/2 head red cabbage, thinly sliced $ 1 bunch red radishes, greens trimmed and radishes sliced thin $ 1 bunch cilantro, stems reserved for another use and leaves thinly sliced or minced $ 1 cup mayonnaise $ 1 cup sour cream $ 3 chipotles in adobo, minced, plus 4 tablespoons adobo sauce $ 1 teaspoon garlic powder $ Salt and freshly ground black pepper to taste $ 1 pound mahi mahi fillet, skinned $ 1 tablespoon sweet paprika $ 1 tablespoon cayenne pepper $ Salt and freshly ground black pepper to taste $ 8 corn or flour tortillas $ cilantro sprigs for garnish $ ",Sandwich $ Fish $ Dinner $ Lunch $ Tortillas $ Pescatarian $ Wheat/Gluten-Free $ Peanut Free $ Tree Nut Free $ Soy Free $ Kosher $ ,Californian $ ,4/4,14,Sandwich $ Fish $ Dinner $ Lunch $ Tortillas $ Pescatarian $ Wheat/Gluten-Free $ Peanut Free $ Tree Nut Free $ Soy Free $ Kosher $ Californian $ 
https://www.epicurious.com/recipes/food/views/grilled-mahi-mahi-tacos-366731,Grilled Mahi-Mahi Tacos ,"5 plum tomatoes, seeded, chopped $ 1/2 small yellow onion, finely chopped $ 4 scallions, white and light-green parts only, thinly sliced $ 1/2 cup chopped fresh cilantro $ 1 teaspoon fresh lemon juice $ 1 teaspoon chopped fresh oregano $ 1 jalapeño, stemmed, seeded, minced $ Kosher salt $ freshly ground black pepper $ 1/4 cup heavy cream $ 2 tablespoons sour cream $ Kosher salt $ freshly ground black pepper $ Hot pepper sauce $ 1 tablespoon paprika $ 1 teaspoon garlic powder $ 1 teaspoon onion powder $ 1 teaspoon dried oregano $ 1 teaspoon dried thyme $ 1 teaspoon kosher salt $ 1/2 teaspoon freshly ground black pepper $ 1/4 teaspoon cayenne pepper $ 1 1-pound mahi-mahi fillet $ Vegetable oil (for brushing) $ 8 6"" corn tortillas, warmed $ 1 cup finely shredded cabbage $ 1 lime, cut into wedges $ ",Fish $ Onion $ Tomato $ Cinco de Mayo $ Backyard BBQ $ Dinner $ Seafood $ Summer $ Family Reunion $ Grill $ Grill/Barbecue $ Cabbage $ Sour Cream $ Cilantro $ Tortillas $ Bon Appétit $ Pescatarian $ Wheat/Gluten-Free $ Peanut Free $ Tree Nut Free $ Soy Free $ No Sugar Added $ Kosher $ ,Mexican $ Californian $ ,4/4,30,Fish $ Onion $ Tomato $ Cinco de Mayo $ Backyard BBQ $ Dinner $ Seafood $ Summer $ Family Reunion $ Grill $ Grill/Barbecue $ Cabbage $ Sour Cream $ Cilantro $ Tortillas $ Bon Appétit $ Pescatarian $ Wheat/Gluten-Free $ Peanut Free $ Tree Nut Free $ Soy Free $ No Sugar Added $ Kosher $ Mexican $ Californian $ 
https://www.epicurious.com/recipes/food/views/san-francisco-garlic-fries-366699,San Francisco Garlic Fries ,"Nonstick vegetable oil spray $ 2 1/4 pounds russet potatoes, cut lengthwise into 3 x 1/3 x 1/3-inch batons $ 3 tablespoons vegetable oil, divided $ Kosher salt and freshly ground black pepper $ 4 garlic cloves, minced $ 2 tablespoons chopped flat-leaf parsley $ ",Garlic $ Potato $ Side $ Fry $ Fourth of July $ Picnic $ Super Bowl $ Kid-Friendly $ Father's Day $ Bastille Day $ Backyard BBQ $ Fall $ Summer $ Tailgating $ Family Reunion $ Party $ Parsley $ Bon Appétit $ Sugar Conscious $ Vegan $ Vegetarian $ Pescatarian $ Dairy Free $ Wheat/Gluten-Free $ Peanut Free $ Tree Nut Free $ Soy Free $ No Sugar Added $ Kosher $ ,American $ Californian $ ,4/4,21,Garlic $ Potato $ Side $ Fry $ Fourth of July $ Picnic $ Super Bowl $ Kid-Friendly $ Father's Day $ Bastille Day $ Backyard BBQ $ Fall $ Summer $ Tailgating $ Family Reunion $ Party $ Parsley $ Bon Appétit $ Sugar Conscious $ Vegan $ Vegetarian $ Pescatarian $ Dairy Free $ Wheat/Gluten-Free $ Peanut Free $ Tree Nut Free $ Soy Free $ No Sugar Added $ Kosher $ American $ Californian $ 
https://www.epicurious.com/recipes/food/views/scallops-with-blood-orange-gastrique-363869,Scallops with Blood Orange Gastrique ,"3 tablespoons sugar $ 1 tablespoon Sherry wine vinegar $ 1 cup fresh blood orange juice (from about 6 oranges) $ 1 1/2 cups low-salt chicken broth $ 2 blood oranges, peeled, separated into segments $ 1/4 cup each (lightly packed) fresh parsley leaves, fresh mint leaves, and fresh tarragon leaves $ 4 tablespoons olive oil, divided $ Coarse kosher salt $ 8 ounces brussels sprouts, leaves removed from core, core discarded $ 20 large sea scallops, side muscles removed $ ",Low Cal $ High Fiber $ Dinner $ Orange $ Scallop $ Healthy $ Bon Appétit $ Dairy Free $ Wheat/Gluten-Free $ Peanut Free $ Tree Nut Free $ Soy Free $ ,Californian $ ,4/4,23,Low Cal $ High Fiber $ Dinner $ Orange $ Scallop $ Healthy $ Bon Appétit $ Dairy Free $ Wheat/Gluten-Free $ Peanut Free $ Tree Nut Free $ Soy Free $ Californian $ 
https://www.epicurious.com/recipes/food/views/black-bean-chili-with-butternut-squash-363715,Black Bean Chili with Butternut Squash ,"1 1/2 tablespoons olive oil $ 2 onions, chopped $ 8 garlic cloves, chopped $ 2 1/2 chili powder $ 1 tablespoon ground coriander $ 2 14.5-ounce cans fire-roasted tomatoes $ 1 pound dried black beans, rinsed $ 2 chipotle chiles from canned chipotle chiles in adobo, minced $ 2 teaspoons dried oregano (preferably Mexican) $ Coarse kosher salt $ 1 2 1/4-pound butternut squash, peeled, seeded, cut into 1/2-inch cubes (about 3 cups) $ 1/2 cup quick-cooking bulgur $ Sour cream $ Coarsely grated hot pepper $ Monterey jack cheese $ Diced red onion chopped $ Fresh cilantro $ Pickled jalapeño rings $ Ingredient info: Chipotle chiles in adobo can be found at some super markets and at Latin markets. Look for bulgur at super markets and natural foods stores. $ ",Bean $ Super Bowl $ Low Fat $ Vegetarian $ Low Cal $ High Fiber $ Dinner $ Butternut Squash $ Healthy $ Low Cholesterol $ Bulgur $ Bon Appétit $ ,Californian $ ,3.5/4,70,Bean $ Super Bowl $ Low Fat $ Vegetarian $ Low Cal $ High Fiber $ Dinner $ Butternut Squash $ Healthy $ Low Cholesterol $ Bulgur $ Bon Appétit $ Californian $ 
https://www.epicurious.com/recipes/food/views/grilled-monterey-sardines-with-lemon-and-herbs-360272,Grilled Monterey Sardines with Lemon and Herbs ,"18 fresh sardines, gutted, cleaned, scaled, patted dry $ 1 teaspoon coarse kosher salt $ 3 tablespoons coarsely chopped fresh cilantro $ 3 tablespoons coarsely chopped fresh Italian parsley $ 2 teaspoons finely grated lemon peel $ 1/3 cup coarsely chopped pitted brine-cured green olives $ 3 tablespoons finely chopped red onion $ Olive oil (for brushing) $ Lemon wedges (for garnish) $ ",Herb $ Appetizer $ Low Cal $ Backyard BBQ $ Dinner $ Lemon $ Summer $ Grill $ Grill/Barbecue $ Healthy $ Lemon Juice $ Sardine $ Bon Appétit $ Sugar Conscious $ ,Californian $ ,4/4,5,Herb $ Appetizer $ Low Cal $ Backyard BBQ $ Dinner $ Lemon $ Summer $ Grill $ Grill/Barbecue $ Healthy $ Lemon Juice $ Sardine $ Bon Appétit $ Sugar Conscious $ Californian $ 
https://www.epicurious.com/recipes/food/views/roasted-beets-with-horseradish-creme-fraiche-358288,Roasted Beets with Horseradish Crème Fraîche ,"4 bunches different-colored beets $ 1/2 cup plus 2 tablespoons extra-virgin olive oil $ 1 tablespoon diced shallot, plus 1/4 cup sliced shallots $ 1 tablespoon plus 1 teaspoon balsamic vinegar $ 2 tablespoons red wine vinegar $ 2 1/2 teaspoons lemon juice $ 1/2 cup crème fraîche $ 1 tablespoon prepared horseradish $ 1/4 cup heavy cream $ Kosher salt and freshly ground black pepper $ ",Dairy $ Side $ Roast $ Horseradish $ Beet $ Fall $ Winter $ Sour Cream $ ,American $ Californian $ ,3.5/4,9,Dairy $ Side $ Roast $ Horseradish $ Beet $ Fall $ Winter $ Sour Cream $ American $ Californian $ 
https://www.epicurious.com/recipes/food/views/sauteed-halibut-with-arugula-roasted-beets-and-horseradish-creme-fraiche-358351,"Sautéed Halibut with Arugula, Roasted Beets, and Horseradish Crème Fraîche ","6 halibut fillets, 5 to 6 ounces each $ 1 lemon, zested $ 1 tablespoon thyme leaves $ 2 tablespoons coarsely chopped flat-leaf parsley $ 2 tablespoons extra-virgin olive oil $ 4 ounces arugula, cleaned $ Roasted beets with Horseradish Crème Fraîche $ 2 tablespoons super-good extra-virgin olive oil, for drizzling $ Kosher salt and freshly ground black pepper $ ",Dairy $ Fish $ Roast $ Sauté $ Dinner $ Horseradish $ Halibut $ Arugula $ Beet $ Sour Cream $ Sugar Conscious $ Pescatarian $ Paleo $ Dairy Free $ Wheat/Gluten-Free $ Peanut Free $ Tree Nut Free $ Soy Free $ No Sugar Added $ Kosher $ ,American $ Californian $ ,4/4,10,Dairy $ Fish $ Roast $ Sauté $ Dinner $ Horseradish $ Halibut $ Arugula $ Beet $ Sour Cream $ Sugar Conscious $ Pescatarian $ Paleo $ Dairy Free $ Wheat/Gluten-Free $ Peanut Free $ Tree Nut Free $ Soy Free $ No Sugar Added $ Kosher $ American $ Californian $ 
https://www.epicurious.com/recipes/food/views/nepenthes-triple-berry-pie-356389,Nepenthe's Triple-Berry Pie ,Nepenthe Pie Dough $ 3 cups fresh strawberries $ 3 cups fresh blackberries $ 3 cups fresh raspberries $ 2 tablespoons Grand Marnier $ 1/2 cup firmly packed brown sugar $ 1/4 cup cornstarch $ 1 1/2 teaspoons cinnamon $ 2/3 cup flour $ 2/3 cup whole oats $ 2/3 cup firmly packed brown sugar $ 2/3 cup walnuts $ 1/2 cup (1 stick) cold butter $ ,Berry $ Fruit $ Dessert $ Bake $ Vegetarian $ Kid-Friendly $ Blackberry $ Raspberry $ Strawberry $ Summer $ Family Reunion $ Party $ Advance Prep Required $ Pescatarian $ Peanut Free $ Soy Free $ Kosher $ ,American $ Californian $ ,3.5/4,4,Berry $ Fruit $ Dessert $ Bake $ Vegetarian $ Kid-Friendly $ Blackberry $ Raspberry $ Strawberry $ Summer $ Family Reunion $ Party $ Advance Prep Required $ Pescatarian $ Peanut Free $ Soy Free $ Kosher $ American $ Californian $ 
https://www.epicurious.com/recipes/food/views/napa-valley-basil-smoked-burgers-355970,Napa Valley Basil-Smoked Burgers ,"2 pounds ground sirloin $ 1/4 cup Zinfandel $ 1/4 cup lightly packed minced fresh basil $ 1/4 cup minced red onion $ 1/4 cup fresh Italian bread crumbs $ 8 sun-dried tomatoes packed in olive oil, finely chopped $ 2 teaspoons garlic salt $ Vegetable oil, for brushing on the grill rack $ 8 large basil sprigs, moistened with water, for grilling $ 6 large seeded sandwich rolls, split $ 6 slices Monterey Jack cheese $ 6 red leaf lettuce leaves $ 6 (1/4-inch-thick) large tomato slices $ 6 paper-thin red onion slices, separated into rings $ 6 basil sprigs, for serving $ 2/3 cup mayonnaise $ 2 tablespoons prepared basil pesto $ ",Sandwich $ Beef $ Cheese $ Tomato $ Fourth of July $ Father's Day $ Backyard BBQ $ Dinner $ Lunch $ Mayonnaise $ Basil $ Meat $ Ground Beef $ Grill $ Grill/Barbecue $ Peanut Free $ Soy Free $ Diabetes-Friendly $ ,American $ Californian $ ,4/4,9,Sandwich $ Beef $ Cheese $ Tomato $ Fourth of July $ Father's Day $ Backyard BBQ $ Dinner $ Lunch $ Mayonnaise $ Basil $ Meat $ Ground Beef $ Grill $ Grill/Barbecue $ Peanut Free $ Soy Free $ Diabetes-Friendly $ American $ Californian $ 
https://www.epicurious.com/recipes/food/views/peppered-lamb-burgers-with-hot-tomato-jam-355971,"Peppered Lamb Burgers with ""Hot Tomato"" Jam ","4 cups ripe tomatoes, peeled, cored, and roughly chopped (for best results, use a variety of tomatoes) $ 1/3 cup sugar $ 3 tablespoons finely minced fresh ginger $ 2 tablespoons unseasoned rice vinegar $ 1 teaspoon hot pepper sauce $ 3 tablespoons fresh basil, cut into chiffonade $ Salt $ 1 1/3 pounds freshly ground lamb $ 2 tablespoons five-peppercorn blend, cracked or very coarsely ground $ 1 garlic clove, finely minced $ 2 tablespoons sesame oil $ 1/4 cup Merlot $ Salt $ Olive oil, for brushing on the grill rack $ 4 hamburger buns, split $ 4 red leaf lettuce leaves $ ",Sandwich $ Wine $ Lamb $ Tomato $ Fourth of July $ Father's Day $ Backyard BBQ $ Dinner $ Lunch $ Basil $ Meat $ Red Wine $ Family Reunion $ Grill $ Grill/Barbecue $ Party $ Sesame Oil $ Dairy Free $ Peanut Free $ Tree Nut Free $ Soy Free $ Kosher $ Diabetes-Friendly $ ,American $ Californian $ ,4/4,5,Sandwich $ Wine $ Lamb $ Tomato $ Fourth of July $ Father's Day $ Backyard BBQ $ Dinner $ Lunch $ Basil $ Meat $ Red Wine $ Family Reunion $ Grill $ Grill/Barbecue $ Party $ Sesame Oil $ Dairy Free $ Peanut Free $ Tree Nut Free $ Soy Free $ Kosher $ Diabetes-Friendly $ American $ Californian $ 
https://www.epicurious.com/recipes/food/views/tamarind-and-vodka-cocktail-353814,Tamarind and Vodka Cocktail ,"8 cups water $ 3/4 cup sugar $ 1/2 cup plus 8 teaspoons tamarind concentrate,* divided $ 2 tablespoons plus 4 teaspoons fresh lime juice, divided $ 12 tablespoons vodka, divided $ 4 cups ice cubes, divided $ Lime slices $ ",Vodka $ Alcoholic $ Cocktail Party $ Low Fat $ Quick & Easy $ Low Cal $ Backyard BBQ $ Cocktail $ Summer $ Low Cholesterol $ Party $ Lime Juice $ Bon Appétit $ Drink $ ,Californian $ ,3/4,2,Vodka $ Alcoholic $ Cocktail Party $ Low Fat $ Quick & Easy $ Low Cal $ Backyard BBQ $ Cocktail $ Summer $ Low Cholesterol $ Party $ Lime Juice $ Bon Appétit $ Drink $ Californian $ 
https://www.epicurious.com/recipes/food/views/southwestern-slaw-353709,Southwestern Slaw ,"2 cups fine-shredded green cabbage $ 2 tsp lime juice $ 2 tsp honey $ 2 tbsp minced red onion $ 2 tsp minced jalapeños $ 2 tsp chopped cilantro $ Salt, to taste $ ",Onion $ Side $ Picnic $ Vegetarian $ Backyard BBQ $ Healthy $ Cabbage $ Jalapeño $ Potluck $ Fat Free $ Kidney Friendly $ Pescatarian $ Paleo $ Dairy Free $ Wheat/Gluten-Free $ Peanut Free $ Tree Nut Free $ Soy Free $ Kosher $ ,Californian $ ,4/4,18,Onion $ Side $ Picnic $ Vegetarian $ Backyard BBQ $ Healthy $ Cabbage $ Jalapeño $ Potluck $ Fat Free $ Kidney Friendly $ Pescatarian $ Paleo $ Dairy Free $ Wheat/Gluten-Free $ Peanut Free $ Tree Nut Free $ Soy Free $ Kosher $ Californian $ 
https://www.epicurious.com/recipes/food/views/chipotle-pico-de-gallo-353729,Chipotle Pico de Gallo ,"1 cup medium-dice tomatoes (seeded before dicing) $ 4 tsp minced red onion $ 1/2 tsp red wine vinegar $ 1/2 canned chipotle pepper, minced $ Salt, to taste $ 1 tbsp cilantro chiffonade (cut into thin strips) $ ",Sauce $ Onion $ Tomato $ ,Californian $ ,3.5/4,7,Sauce $ Onion $ Tomato $ Californian $ 
https://www.epicurious.com/recipes/food/views/california-style-tuna-salad-rolls-243127,California Style Tuna Salad Rolls ,"1 can (6 ounces) light tuna fish, preferably packed in water, drained and flaked $ 3 tablespoons mayonnaise $ 1/4 teaspoon wasabi paste or freshly ground black pepper, to taste $ Two 10-inch flour tortillas $ 2 medium leaves Boston lettuce $ 1 Kirby cucumber, peeled and coarsely shredded lengthwise (without seeds) $ 1 medium carrot, peeled and coarsely shredded $ 1/2 of a ripe avocado: peeled, pitted, and sliced 1/2-inch thick $ ",No-Cook $ Picnic $ Kid-Friendly $ Quick & Easy $ Back to School $ Lunch $ Wasabi $ Tuna $ Avocado $ Cucumber $ Carrot $ Healthy $ Tortillas $ Sugar Conscious $ Pescatarian $ Dairy Free $ Peanut Free $ Tree Nut Free $ Soy Free $ Kosher $ ,Californian $ ,3/4,5,No-Cook $ Picnic $ Kid-Friendly $ Quick & Easy $ Back to School $ Lunch $ Wasabi $ Tuna $ Avocado $ Cucumber $ Carrot $ Healthy $ Tortillas $ Sugar Conscious $ Pescatarian $ Dairy Free $ Peanut Free $ Tree Nut Free $ Soy Free $ Kosher $ Californian $ 
https://www.epicurious.com/recipes/food/views/baja-fish-tacos-352509,Baja Fish Tacos ,"2 lb mahi-mahi $ 1/2 cup vegetable oil $ 3 tbsp lime juice $ 5 tsp chili powder $ 1 1/2 tsp ground cumin $ 1 1/2 tsp ground coriander $ 1 1/2 tsp minced garlic $ Salt, to taste $ 8 flour tortillas, 8 inches in diameter $ Southwestern Slaw $ 1 cup Chipotle Pico de Gallo $ 1/2 cup Mexican Crema $ ",Fish $ Backyard BBQ $ Dinner $ Lunch $ Summer $ Grill $ Grill/Barbecue $ Healthy $ ,Californian $ ,3.5/4,68,Fish $ Backyard BBQ $ Dinner $ Lunch $ Summer $ Grill $ Grill/Barbecue $ Healthy $ Californian $ 
https://www.epicurious.com/recipes/food/views/yuba-pappardelle-with-english-peas-fava-leaves-and-basil-242046,"Yuba Pappardelle with English Peas, Fava Leaves, and Basil ","1/2 cup homemade or purchased vegetable stock $ 1/4 teaspoon fine sea salt $ 2 cups (12 ounces) fresh English peas $ 2 cups Homemade Buttermilk or whole milk (see Test-Kitchen Tips, below) $ 6 sheets fresh or frozen (thawed) yuba (about 6 ounces) cut in half lengthwise and then crosswise into 1-inch-wide strips (see Test-Kitchen Tips, below) $ 1 cup (6 ounces) fresh English peas $ 1/2 teaspoon fine sea salt $ 1 cup fresh fava leaves, loosely packed (see Test-Kitchen Tips, below) $ 1/2 cup fresh basil leaves, torn and loosely packed (about 24 leaves) $ 1/4 teaspoon freshly ground black pepper $ ",Leafy Green $ Soy $ Dinner $ Basil $ Pea $ Spring $ Vegetarian $ Pescatarian $ Wheat/Gluten-Free $ Peanut Free $ Tree Nut Free $ Soy Free $ No Sugar Added $ Kosher $ ,Californian $ ,4/4,1,Leafy Green $ Soy $ Dinner $ Basil $ Pea $ Spring $ Vegetarian $ Pescatarian $ Wheat/Gluten-Free $ Peanut Free $ Tree Nut Free $ Soy Free $ No Sugar Added $ Kosher $ Californian $ 
https://www.epicurious.com/recipes/food/views/braised-duck-legs-with-leeks-and-green-olives-240905,Braised Duck Legs with Leeks and Green Olives ,"4 duck legs (drumsticks and thighs, attached) $ Salt $ Fresh-ground black pepper $ 2 tablespoons olive oil $ 2 leeks, white and pale green parts only, washed and coarsely chopped $ 1 carrot, peeled and coarsely chopped $ 6 thyme sprigs, leaves only $ 6 parsley sprigs, leaves only $ 1 bay leaf $ 1 cup green olives $ 1/2 cup white wine $ 1 1/2 cups chicken broth $ 1 strip of lemon zest $ ",Duck $ Olive $ Braise $ Leek $ White Wine $ Fall $ Winter $ Thyme $ Parsley $ ,Californian $ ,3.5/4,18,Duck $ Olive $ Braise $ Leek $ White Wine $ Fall $ Winter $ Thyme $ Parsley $ Californian $ 
https://www.epicurious.com/recipes/food/views/duck-breast-with-roasted-peaches-and-walnut-parsley-fried-rice-240324,Duck Breast with Roasted Peaches and Walnut-Parsley Fried Rice ,"2 cups jasmine rice $ 1 cup soy sauce $ 1/2 cup fresh lime juice (from 2 medium limes) $ 3 tablespoons fresh ginger, finely chopped (from 2-inch-long knob) $ 2 cloves garlic, finely chopped $ 1 tablespoon sesame oil $ 4 teaspoons vegetable oil, plus more if needed to add to duck fat $ 3 medium peaches, unpeeled, halved vertically and pitted $ 2 tablespoons sugar $ 6 (8-ounce) boneless duck breasts with skin $ 1 1/2 teaspoons coarse sea salt or other coarse salt $ 1 teaspoon freshly ground pepper, preferably white $ 3/4 cup veal or duck demi-glace* $ 1 tablespoon unsalted butter $ 1/2 medium shallot, finely chopped $ 1 cup walnut pieces, toasted epi:recipelinkand chopped</epi:recipelink> $ 1 cup fresh parsley leaves, coarsely chopped $ 2 tablespoons chicken stock or low-sodium chicken broth $ 3/4 cups mixed micro greens $ 2 tablespoons fresh chives, finely chopped $ *We recommend using D'Artagnan veal and duck demi-glace, available at some supermarkets or online at dartagnan.com. $ wok $ ",Wok $ Duck $ Fruit $ Poultry $ Rice $ Roast $ Stir-Fry $ Valentine's Day $ Dinner $ Peach $ Peanut Free $ ,American $ Californian $ ,3/4,7,Wok $ Duck $ Fruit $ Poultry $ Rice $ Roast $ Stir-Fry $ Valentine's Day $ Dinner $ Peach $ Peanut Free $ American $ Californian $ 
https://www.epicurious.com/recipes/food/views/quick-and-easy-cioppino-240279,Quick and Easy Cioppino ,"1 fennel bulb, stalks discarded and bulb cut lengthwise into 6 wedges $ 1 medium onion, quartered $ 3 garlic cloves, smashed and peeled $ 3 tablespoons extra-virgin olive oil $ 2 Turkish bay leaves or 1 California $ 1 1/2 teaspoons dried thyme $ 1/8 teaspoon dried hot red-pepper flakes $ 1 (28-ounce) can crushed tomatoes in juice $ 1 1/2 cups water $ 1 cup full-bodied red wine such as Zinfandel or Syrah $ 1 (8-ounce) bottle clam juice $ 1 pound skinless fillets of thick white-fleshed fish such as halibut, hake, or pollack, cut into 2-inch chunks $ 1 pound cultivated mussels $ ",Soup/Stew $ Food Processor $ Fish $ Shellfish $ Tomato $ Vegetable $ Christmas $ Quick & Easy $ Dinner $ Lunch $ Seafood $ Halibut $ Clam $ Mussel $ Fall $ Winter $ Healthy $ Gourmet $ Pescatarian $ Paleo $ Dairy Free $ Wheat/Gluten-Free $ Peanut Free $ Tree Nut Free $ Soy Free $ ,American $ Californian $ ,3.5/4,85,Soup/Stew $ Food Processor $ Fish $ Shellfish $ Tomato $ Vegetable $ Christmas $ Quick & Easy $ Dinner $ Lunch $ Seafood $ Halibut $ Clam $ Mussel $ Fall $ Winter $ Healthy $ Gourmet $ Pescatarian $ Paleo $ Dairy Free $ Wheat/Gluten-Free $ Peanut Free $ Tree Nut Free $ Soy Free $ American $ Californian $ 
https://www.epicurious.com/recipes/food/views/grilled-fish-tacos-239949,Grilled-Fish Tacos ,"1 medium red onion $ 1/2 cup cider vinegar $ 1/4 cup sugar $ 7 tablespoons fresh lime juice, divided $ 1/4 cup chopped cilantro $ 1 tablespoon olive oil $ 1 1/4 pound (1-inch-thick) skinless mahimahi fillet or tuna steak, cut into 12 pieces $ 2/3 cup mayonnaise $ 2/3 cup crema or sour cream $ 12 (6-inch) corn tortillas $ 6 to 8 radishes $ 1 to 2 (6- to 8-ounce) firm-ripe avocados $ 4 cups thinly sliced green cabbage (1/2 small head) $ Equipment: an adjustable-blade slicer; 12 (6- to 8-inch) wooden skewers, soaked in water 30 minutes $ Accompaniment: lime wedges $ ",Dairy $ Marinate $ Quick & Easy $ Dinner $ Lunch $ Tuna $ Avocado $ Radish $ Grill $ Grill/Barbecue $ Gourmet $ Pescatarian $ Wheat/Gluten-Free $ Peanut Free $ Tree Nut Free $ Soy Free $ Kosher $ ,Mexican $ Californian $ ,3/4,22,Dairy $ Marinate $ Quick & Easy $ Dinner $ Lunch $ Tuna $ Avocado $ Radish $ Grill $ Grill/Barbecue $ Gourmet $ Pescatarian $ Wheat/Gluten-Free $ Peanut Free $ Tree Nut Free $ Soy Free $ Kosher $ Mexican $ Californian $ 
https://www.epicurious.com/recipes/food/views/chocolate-caramel-and-walnut-tart-236217,"Chocolate, Caramel, and Walnut Tart ","1 1/2 cups all purpose flour $ 1/4 teaspoon salt $ 1/2 cup (1 stick) chilled unsalted butter, cut into 1/2-inch cubes $ 4 tablespoons (or more) ice water $ 1 cup sugar (preferably baker's sugar or other superfine sugar) $ 1/4 cup water $ 1 cup heavy whipping cream $ 1/4 cup (1/2 stick) unsalted butter, room temperature $ 2 tablespoons honey $ 2 teaspoons vanilla extract $ 2 ounces bittersweet (not unsweetened) or semisweet chocolate, chopped $ 2 ounces semisweet chocolate, chopped $ 2 1/4 cups (about 9 ounces) walnuts, toasted, cut into 1/4-inch pieces $ Vanilla ice cream $ ",Food Processor $ Chocolate $ Nut $ Dessert $ Bake $ Walnut $ Fall $ Winter $ Chill $ Bon Appétit $ Kidney Friendly $ Vegetarian $ Pescatarian $ Peanut Free $ Soy Free $ Kosher $ ,American $ Californian $ ,3.5/4,7,Food Processor $ Chocolate $ Nut $ Dessert $ Bake $ Walnut $ Fall $ Winter $ Chill $ Bon Appétit $ Kidney Friendly $ Vegetarian $ Pescatarian $ Peanut Free $ Soy Free $ Kosher $ American $ Californian $ 
https://www.epicurious.com/recipes/food/views/quick-cioppino-233134,Quick Cioppino ,"3 tablespoons olive oil $ 2 cups finely chopped onions $ 2 large garlic cloves, minced $ 2 teaspoons chopped fresh rosemary $ 1/4 teaspoon dried crushed red pepper $ 1 2/3 cups canned crushed tomatoes in puree (from one 28-ounce can) $ 2 8-ounce bottles clam juice $ 3/4 cup dry white wine $ 12 ounces halibut fillets, cut into 1-inch pieces $ 1/2 pound uncooked peeled deveined medium shrimp $ 1/2 pound bay scallops $ 1/3 cup chopped fresh parsley, divided $ ",Soup/Stew $ Fish $ Shellfish $ Tomato $ Appetizer $ Quick & Easy $ Scallop $ Shrimp $ White Wine $ Bon Appétit $ Houston $ Texas $ Pescatarian $ Paleo $ Dairy Free $ Wheat/Gluten-Free $ Peanut Free $ Tree Nut Free $ Soy Free $ ,American $ Italian $ Italian American $ Californian $ ,3/4,10,Soup/Stew $ Fish $ Shellfish $ Tomato $ Appetizer $ Quick & Easy $ Scallop $ Shrimp $ White Wine $ Bon Appétit $ Houston $ Texas $ Pescatarian $ Paleo $ Dairy Free $ Wheat/Gluten-Free $ Peanut Free $ Tree Nut Free $ Soy Free $ American $ Italian $ Italian American $ Californian $ 
https://www.epicurious.com/recipes/food/views/minted-mai-tai-201166,Minted Mai Tai ,1/2 cup fresh lime juice $ 1/2 cup almond syrup $ 1/2 cup chopped fresh mint leaves $ 2 cups pineapple juice $ 1 1/2 cups orange juice $ 1 1/2 cups dark rum $ Ice cubes $ 6 fresh mint sprigs $ ,Fruit Juice $ Rum $ Alcoholic $ Cocktail $ Lime $ Orange $ Pineapple $ Mint $ Summer $ Bon Appétit $ Drink $ ,Californian $ ,4/4,1,Fruit Juice $ Rum $ Alcoholic $ Cocktail $ Lime $ Orange $ Pineapple $ Mint $ Summer $ Bon Appétit $ Drink $ Californian $ 
